,Unnamed: 1,name,artist,popularity,danceability,energy,key,loudness,mode,speechiness,acousticness,instrumentalness,liveness,valence,tempo,duration_ms,label
All Out 50s,0,Don't Be Cruel,Elvis Presley,59,0.697,0.55,2,-11.496,1,0.179,0.856,3.44e-05,0.0907,0.844,84.802,122893,0
All Out 50s,1,I've Got You Under My Skin - Remastered 1998,Frank Sinatra,66,0.585,0.247,1,-12.612,1,0.04,0.452,8.85e-06,0.107,0.591,127.15,223760,1
All Out 50s,2,Smoke Gets In Your Eyes,The Platters,0,0.29,0.227,3,-13.06,1,0.0311,0.944,7.95e-05,0.617,0.224,114.278,157293,0
All Out 50s,3,"What'd I Say, Pt. 1 & 2",Ray Charles,62,0.54,0.681,4,-5.44,1,0.0508,0.808,0.0,0.162,0.794,88.385,307053,1
All Out 50s,4,Dream A Little Dream Of Me,Ella Fitzgerald,0,0.455,0.167,0,-13.613,1,0.0739,0.918,0.0,0.173,0.404,76.118,185067,0
All Out 50s,5,That'll Be The Day,Buddy Holly,63,0.536,0.637,2,-7.774,1,0.0343,0.467,0.0,0.0838,0.798,115.24,150133,0
All Out 50s,6,Blueberry Hill,Fats Domino,60,0.489,0.499,11,-9.702,1,0.0271,0.74,0.000236,0.156,0.829,133.341,147880,0
All Out 50s,7,Mack the Knife,Bobby Darin,61,0.549,0.529,3,-12.291,0,0.108,0.76,0.0,0.206,0.464,82.755,184333,0
All Out 50s,8,All Shook Up,Elvis Presley,57,0.624,0.468,10,-12.162,1,0.132,0.881,6.35e-06,0.144,0.952,74.139,117080,0
All Out 50s,9,All I Have to Do Is Dream,The Everly Brothers,0,0.542,0.347,4,-14.011,1,0.0268,0.783,0.0,0.144,0.596,103.709,141240,0
All Out 50s,10,Johnny B. Goode,Chuck Berry,0,0.516,0.798,10,-9.049,1,0.083,0.738,0.000128,0.305,0.969,168.195,161560,0
All Out 50s,11,Great Balls Of Fire,Jerry Lee Lewis,0,0.468,0.527,7,-13.897,0,0.0683,0.554,0.0,0.061,0.855,159.501,116467,0
All Out 50s,12,"Good Golly, Miss Molly",Little Richard,47,0.57,0.863,7,-10.82,1,0.0526,0.581,0.00412,0.313,0.909,163.837,128640,0
All Out 50s,13,Jambalaya (On The Bayou),Fats Domino,0,0.605,0.845,6,-8.672,0,0.0596,0.819,0.000267,0.253,0.965,75.322,144067,0
All Out 50s,14,Beyond the Sea,Bobby Darin,67,0.521,0.516,2,-7.456,0,0.0369,0.723,0.0,0.257,0.569,136.483,172480,0
All Out 50s,15,(‘Til) I Kissed You,The Everly Brothers,0,0.58,0.356,10,-12.894,0,0.0387,0.338,0.0,0.335,0.7,140.647,147587,0
All Out 50s,16,Sea Of Love,Phil Phillips,0,0.289,0.353,7,-12.302,1,0.0292,0.862,1.35e-06,0.172,0.312,85.436,144600,0
All Out 50s,17,Rave On,Buddy Holly,56,0.566,0.711,0,-6.536,1,0.0335,0.611,6.59e-06,0.417,0.961,159.629,109960,0
All Out 50s,18,Ain't That A Shame,Fats Domino,57,0.486,0.501,4,-8.57,1,0.0326,0.767,7.6e-05,0.0679,0.942,122.894,152200,0
All Out 50s,19,Summertime Blues,Eddie Cochran,0,0.717,0.883,9,-8.686,0,0.0608,0.125,0.167,0.176,0.942,156.299,119360,0
All Out 50s,20,Broken Hearted Melody,Sarah Vaughan,0,0.448,0.5,7,-11.304,1,0.0356,0.744,0.0,0.191,0.768,132.443,143267,0
All Out 50s,21,That's Amore,Dean Martin,52,0.407,0.17,10,-13.409,1,0.0341,0.76,0.0,0.0737,0.577,124.047,188267,0
All Out 50s,22,I Get A Kick Out Of You,Frank Sinatra,54,0.395,0.375,5,-10.966,0,0.0381,0.555,0.0,0.576,0.775,178.105,194093,0
All Out 50s,23,Wake up Little Susie,The Everly Brothers,61,0.709,0.62,2,-9.382,1,0.034,0.318,0.0,0.0426,0.936,93.723,123520,0
All Out 50s,24,Dream Lover,Bobby Darin,59,0.526,0.774,5,-1.692,1,0.0459,0.715,0.0,0.437,0.715,131.715,150706,0
All Out 50s,25,Living Doll - 2003 Remaster,Cliff Richard & The Drifters,42,0.572,0.463,9,-7.782,1,0.0517,0.527,0.0,0.0958,0.764,62.658,156787,0
All Out 50s,26,I Can't Stop Loving You,Ray Charles,61,0.31,0.279,5,-13.552,1,0.0308,0.815,0.0,0.318,0.377,79.397,256120,1
All Out 50s,27,Everyday,Buddy Holly,63,0.747,0.219,3,-12.562,1,0.0371,0.584,2.57e-05,0.107,0.498,135.562,129120,0
All Out 50s,28,Tennessee Waltz,Patti Page,0,0.468,0.171,5,-10.905,1,0.0303,0.957,3.74e-05,0.142,0.357,86.525,183573,0
All Out 50s,29,Personality,Lloyd Price,51,0.591,0.454,5,-8.936,1,0.0322,0.744,0.0,0.0989,0.865,128.909,157733,0
All Out 50s,30,Unforgettable,Nat King Cole,65,0.349,0.182,5,-13.507,1,0.031,0.92,0.0152,0.143,0.178,136.094,191973,0
All Out 50s,31,Bye Bye Love,The Everly Brothers,0,0.558,0.556,9,-8.358,1,0.0564,0.684,0.0,0.0869,0.905,169.259,144300,0
All Out 50s,32,"Love Me Tender - From the 20th Century-Fox CinemaScope Production, ""Love Me Tender""",Elvis Presley,54,0.396,0.0373,9,-18.642,1,0.0416,0.907,4.41e-05,0.111,0.302,103.051,161360,0
All Out 50s,33,Move It - 2002 Remaster,Cliff Richard & The Drifters,39,0.625,0.852,4,-4.83,1,0.0341,0.692,0.000487,0.293,0.931,82.142,141813,0
All Out 50s,34,"Goodnite, It's Time to Go (Goodnight Sweetheart, Goodnight)",The Spaniels,0,0.375,0.318,9,-9.923,0,0.0423,0.655,0.000198,0.422,0.358,76.638,160373,0
All Out 50s,35,The Great Pretender,The Platters,61,0.425,0.401,7,-9.427,1,0.0315,0.943,3.44e-06,0.072,0.531,115.71,160667,0
All Out 50s,36,Peggy Sue,Buddy Holly,60,0.676,0.424,9,-8.132,1,0.0329,0.947,0.000494,0.119,0.493,148.373,150960,0
All Out 50s,37,Smile,Nat King Cole,63,0.226,0.136,5,-19.203,0,0.0327,0.862,8.07e-06,0.302,0.263,79.37,173267,0
All Out 50s,38,Stagger Lee,Lloyd Price,49,0.439,0.638,3,-6.859,1,0.0307,0.707,0.0,0.175,0.781,69.57,144627,0
All Out 50s,39,He'll Have to Go,Jim Reeves,52,0.554,0.186,1,-15.846,1,0.0379,0.909,0.00144,0.11,0.2,81.181,138640,0
All Out 50s,40,Cheek To Cheek,Ella Fitzgerald,0,0.648,0.306,0,-13.395,1,0.0883,0.588,0.0,0.252,0.661,122.027,351893,1
All Out 50s,41,Blue Suede Shoes,Elvis Presley,62,0.557,0.66,2,-7.706,1,0.056,0.654,1.66e-06,0.138,0.962,95.252,119200,0
All Out 50s,42,"Shake, Rattle And Roll - Single Version",Bill Haley & His Comets,49,0.671,0.679,5,-11.237,1,0.142,0.159,0.0,0.158,0.82,166.722,150467,0
All Out 50s,43,Tutti Frutti,Little Richard,64,0.555,0.658,5,-3.866,1,0.0541,0.793,0.0,0.118,0.937,184.835,144227,0
All Out 50s,44,You Send Me,Sam Cooke,0,0.538,0.226,4,-13.817,0,0.0288,0.945,0.0,0.125,0.553,96.951,163560,0
All Out 50s,45,True Love Ways,Buddy Holly,0,0.221,0.124,10,-19.545,1,0.0346,0.8,0.103,0.316,0.276,82.727,168707,0
All Out 50s,46,I Walk the Line,Johnny Cash,66,0.713,0.258,9,-14.59,1,0.0384,0.877,0.00606,0.0967,0.56,98.805,176533,0
All Out 50s,47,Whole Lot of Shakin' Going On,Jerry Lee Lewis,55,0.377,0.626,0,-9.662,1,0.033,0.832,6.46e-05,0.188,0.678,161.468,172400,0
All Out 50s,48,Twilight Time,The Platters,0,0.408,0.366,9,-10.434,1,0.0296,0.869,0.0,0.267,0.294,77.711,164400,0
All Out 50s,49,Maybellene,Chuck Berry,0,0.762,0.81,0,-10.395,1,0.0818,0.811,0.0,0.139,0.735,117.48,141224,0
All Out 50s,50,Heartbreak Hotel,Elvis Presley,59,0.696,0.21,4,-11.922,1,0.067,0.84,1.62e-06,0.107,0.717,93.543,127560,0
All Out 50s,51,Maybe Baby,The Crickets,0,0.602,0.597,9,-7.73,1,0.0303,0.714,0.0,0.0863,0.866,137.001,121133,0
All Out 50s,52,(We're Gonna) Rock Around The Clock,Bill Haley & His Comets,63,0.811,0.859,9,-6.317,1,0.168,0.205,3.73e-06,0.0761,0.784,90.686,129893,0
All Out 50s,53,It Doesn't Matter Anymore,Buddy Holly,0,0.665,0.179,7,-16.727,1,0.0367,0.806,0.0,0.189,0.856,115.203,124000,0
All Out 50s,54,Volare (Nel Blu Di Pinto Di Blu) - Remastered,Dean Martin,63,0.612,0.144,6,-12.204,0,0.0352,0.88,0.0,0.203,0.343,128.629,181627,0
All Out 50s,55,Jambalaya (On The Bayou),Hank Williams,57,0.526,0.291,7,-10.694,1,0.0346,0.706,0.0,0.0651,0.886,164.02,172133,0
All Out 50s,56,C’Mon Everybody,Eddie Cochran,57,0.627,0.7,3,-9.657,1,0.0522,0.121,0.0111,0.188,0.856,175.33,118227,0
All Out 50s,57,I'm Walkin',Fats Domino,43,0.729,0.555,1,-13.056,1,0.0483,0.678,0.184,0.155,0.979,109.005,135093,0
All Out 50s,58,Banana Boat (Day-O),Harry Belafonte,63,0.797,0.105,1,-16.881,1,0.0969,0.885,0.000116,0.108,0.419,122.545,183133,0
All Out 50s,59,You Make Me Feel So Young - Remastered 1998,Frank Sinatra,63,0.577,0.306,9,-11.559,1,0.0427,0.383,0.0,0.18,0.568,125.166,177400,0
All Out 50s,60,Baby (You've Got What It Takes),Dinah Washington,0,0.69,0.508,8,-9.92,1,0.0469,0.851,0.000185,0.496,0.818,132.892,164400,0
All Out 50s,61,Poor Little Fool - Remastered,Ricky Nelson,55,0.474,0.338,0,-11.528,1,0.0299,0.648,0.0,0.13,0.81,154.596,153933,0
All Out 50s,62,Summertime,Louis Armstrong,0,0.2,0.11,6,-16.646,0,0.0357,0.906,0.000153,0.0959,0.162,171.751,299067,1
All Out 50s,63,It's Only Make Believe - Single Version,Conway Twitty,0,0.542,0.531,11,-6.698,1,0.0384,0.887,0.0011,0.127,0.344,126.018,132107,0
All Out 50s,64,Roll Over Beethoven,Chuck Berry,0,0.713,0.793,3,-10.138,1,0.21,0.81,0.0,0.198,0.804,92.713,144600,0
All Out 50s,65,Reet Petite,Jackie Wilson,59,0.664,0.66,5,-6.526,1,0.13,0.447,0.0,0.298,0.873,84.345,169240,0
All Out 50s,66,Lucille,Little Richard,0,0.682,0.839,6,-9.186,1,0.0466,0.336,0.000571,0.17,0.953,145.051,142400,0
All Out 50s,67,Hound Dog,Elvis Presley,67,0.494,0.756,0,-8.492,1,0.0499,0.733,0.00505,0.76,0.949,86.895,136027,0
All Out 50s,68,Not Fade Away,Buddy Holly & The Crickets,48,0.799,0.475,9,-13.142,1,0.0413,0.835,0.0,0.275,0.92,95.966,142773,0
All Out 50s,69,Be-Bop-A-Lula,Gene Vincent & His Blue Caps,43,0.607,0.561,9,-10.099,1,0.0425,0.421,0.0,0.298,0.841,127.638,157207,0
All Out 50s,70,Sweet Little Sixteen,Chuck Berry,0,0.549,0.521,0,-10.294,1,0.0438,0.57,0.0,0.0996,0.939,166.072,190400,0
All Out 50s,71,Chantilly Lace,The Big Bopper,55,0.489,0.806,3,-6.054,1,0.0858,0.841,2.96e-05,0.0687,0.944,172.269,145267,0
All Out 50s,72,Money (That's What I Want),Barrett Strong,39,0.656,0.84,5,-7.349,1,0.0323,0.342,0.0,0.108,0.954,132.335,160267,0
All Out 50s,73,Mannish Boy,Muddy Waters,62,0.598,0.735,2,-10.882,1,0.0973,0.44,0.000215,0.681,0.615,111.129,321133,1
All Out 50s,74,Buona Sera - Remastered,Louis Prima,51,0.547,0.3,3,-13.973,1,0.107,0.777,0.0,0.0653,0.811,97.793,187200,0
All Out 50s,75,Oh Boy! - Overdubbed Version,Buddy Holly,47,0.543,0.619,9,-7.518,1,0.0377,0.777,0.0,0.109,0.846,96.842,127680,0
All Out 50s,76,Walkin' After Midnight,Patsy Cline,48,0.562,0.194,0,-15.364,1,0.0448,0.795,0.0,0.322,0.773,135.903,154027,0
All Out 50s,77,Jailhouse Rock,Elvis Presley,67,0.647,0.582,10,-9.538,0,0.0755,0.41,1.93e-06,0.0715,0.915,167.396,146480,0
All Out 50s,78,Why Do Fools Fall In Love,Frankie Lymon & The Teenagers,0,0.43,0.558,1,-6.549,1,0.0844,0.534,0.000507,0.0914,0.779,172.756,140827,0
All Out 50s,79,Blue Skies,Ella Fitzgerald,0,0.464,0.391,0,-5.115,1,0.0483,0.892,0.0,0.0521,0.649,158.894,226213,1
All Out 50s,80,Wild One,Jerry Lee Lewis,45,0.67,0.878,0,-12.43,1,0.0491,0.745,0.000602,0.326,0.973,97.598,114320,0
All Out 50s,81,Just A Gigolo - Remastered,Louis Prima,53,0.525,0.403,8,-11.987,1,0.0945,0.597,0.0,0.0565,0.718,125.187,283200,1
All Out 50s,82,Autumn in New York - 2003 Remastered Version,Billie Holiday,45,0.544,0.132,7,-11.735,0,0.0477,0.963,8.59e-05,0.101,0.286,71.178,221413,0
All Out 50s,83,Rebel Rouser,Duane Eddy,50,0.388,0.434,7,-11.997,1,0.0354,0.789,0.954,0.728,0.873,206.313,153533,0
All Out 50s,84,"Hallelujah, I Love Her So",Ray Charles,61,0.696,0.547,5,-5.954,0,0.169,0.792,0.0,0.155,0.623,73.203,155507,0
All Out 50s,85,At The Hop,Danny & The Juniors,0,0.405,0.864,8,-7.642,1,0.0486,0.662,2.12e-05,0.18,0.888,194.875,149973,0
All Out 50s,86,Magic Moments,Perry Como,0,0.714,0.253,0,-15.16,0,0.0433,0.922,4.91e-06,0.173,0.695,104.302,161855,0
All Out 50s,87,Love & Marriage,Frank Sinatra,0,0.69,0.244,10,-10.011,1,0.0364,0.919,0.0,0.218,0.598,110.977,155747,0
All Out 50s,88,It's All In The Game,Tommy Edwards,0,0.546,0.167,3,-16.085,1,0.0308,0.845,0.0181,0.127,0.628,70.564,158053,0
All Out 50s,89,Stupid Cupid,Connie Francis,0,0.609,0.749,3,-6.147,1,0.0363,0.831,1.45e-06,0.039,0.967,135.702,134211,0
All Out 50s,90,Blue Moon,Billie Holiday,63,0.639,0.269,8,-11.435,1,0.0698,0.982,0.12,0.141,0.539,124.866,207827,0
All Out 50s,91,Long Tall Sally (The Thing),Little Richard,62,0.474,0.608,5,-5.139,1,0.0825,0.755,0.0,0.0928,0.888,184.694,127427,0
All Out 50s,92,Little Bitty Pretty One,Thurston Harris,54,0.703,0.883,8,1.085,1,0.241,0.777,2.02e-06,0.0562,0.887,88.351,143067,0
All Out 50s,93,Rock And Roll Music,Chuck Berry,0,0.524,0.785,8,-6.118,1,0.0467,0.44,0.00125,0.0565,0.914,165.799,151773,0
All Out 50s,94,Yakety Yak,The Coasters,58,0.715,0.669,7,-9.491,1,0.128,0.705,0.000732,0.044,0.976,120.789,113040,0
All Out 50s,95,Somethin' Else,Eddie Cochran,39,0.625,0.791,2,-10.428,1,0.0711,0.198,0.000144,0.0645,0.967,157.413,125907,0
All Out 50s,96,"See You Later, Alligator",Bill Haley & His Comets,45,0.664,0.702,10,-11.841,0,0.0671,0.313,2.06e-06,0.369,0.737,156.987,165360,0
All Out 50s,97,Love Letters In The Sand - Single Version,Pat Boone,55,0.571,0.196,3,-13.216,1,0.0278,0.811,0.0,0.142,0.555,88.728,134560,0
All Out 50s,98,On The Street Where You Live,Vic Damone,38,0.291,0.312,10,-10.289,1,0.0363,0.871,0.0,0.142,0.201,115.077,158685,0
All Out 50s,99,Come Fly With Me - Remastered,Frank Sinatra,66,0.574,0.338,6,-11.376,1,0.042,0.845,0.0,0.165,0.493,67.008,199093,0
All Out 60s,0,Good Vibrations - Remastered 2001,The Beach Boys,63,0.403,0.495,10,-6.888,0,0.0312,0.387,8.03e-06,0.147,0.38,132.912,217747,0
All Out 60s,1,Here Comes The Sun - Remastered,The Beatles,0,0.557,0.54,9,-10.484,1,0.0347,0.0339,0.00248,0.179,0.394,129.171,185733,0
All Out 60s,2,(I Can't Get No) Satisfaction - Mono Version,The Rolling Stones,60,0.731,0.837,9,-8.673,1,0.0477,0.000287,0.15,0.0978,0.832,135.603,222747,1
All Out 60s,3,(What A) Wonderful World,Sam Cooke,69,0.691,0.507,11,-10.23,1,0.0343,0.627,0.0,0.457,0.885,128.518,125440,0
All Out 60s,4,Brown Eyed Girl,Van Morrison,78,0.491,0.583,7,-10.964,1,0.0376,0.185,0.0,0.406,0.908,150.566,183307,0
All Out 60s,5,I Say a Little Prayer,Aretha Franklin,59,0.59,0.355,9,-14.051,1,0.0352,0.48,0.0,0.0585,0.499,133.03,216773,0
All Out 60s,6,Stand By Me,Ben E. King,60,0.653,0.334,9,-6.955,1,0.0313,0.411,3.47e-05,0.123,0.665,119.46,174253,0
All Out 60s,7,Ain't No Mountain High Enough,Marvin Gaye,0,0.669,0.616,11,-10.776,0,0.033,0.482,0.0,0.179,0.818,130.037,151667,0
All Out 60s,8,Surfin' U.S.A. - Remastered 2001,The Beach Boys,72,0.55,0.854,3,-5.968,1,0.036,0.661,0.0,0.112,0.965,159.231,149373,0
All Out 60s,9,(Sittin' On) the Dock of the Bay,Otis Redding,63,0.484,0.312,2,-13.522,1,0.0535,0.724,1.65e-06,0.0601,0.598,205.981,166827,0
All Out 60s,10,I Got You Babe,Sonny & Cher,58,0.621,0.708,6,-9.057,1,0.0259,0.246,2e-06,0.143,0.624,110.533,193840,0
All Out 60s,11,Daydream Believer,The Monkees,67,0.51,0.488,7,-10.304,1,0.0304,0.256,0.0,0.11,0.649,125.683,179613,0
All Out 60s,12,"I Can't Help Myself (Sugar Pie, Honey Bunch)",Four Tops,0,0.703,0.563,0,-9.99,1,0.0294,0.374,0.0,0.0933,0.972,127.004,160533,0
All Out 60s,13,God Only Knows - Remastered 1997 / Mono,The Beach Boys,68,0.521,0.487,6,-7.525,0,0.0299,0.253,0.0,0.0579,0.483,117.072,173040,0
All Out 60s,14,Under the Boardwalk,The Drifters,68,0.747,0.226,7,-13.635,1,0.0414,0.908,0.000168,0.107,0.778,123.792,161960,0
All Out 60s,15,Suspicious Minds,Elvis Presley,55,0.542,0.722,7,-5.065,1,0.0262,0.0516,1.18e-05,0.131,0.609,115.21,272360,1
All Out 60s,16,Son of a Preacher Man,Dusty Springfield,38,0.405,0.488,4,-10.784,1,0.0678,0.415,0.0,0.0753,0.806,181.624,148000,0
All Out 60s,17,"Mrs. Robinson - From ""The Graduate"" Soundtrack",Simon & Garfunkel,74,0.606,0.457,6,-14.035,0,0.0497,0.713,2.53e-05,0.0747,0.813,92.033,244027,1
All Out 60s,18,For Once In My Life,Stevie Wonder,71,0.524,0.519,6,-11.903,1,0.043,0.195,0.0,0.523,0.847,110.121,169800,0
All Out 60s,19,(Your Love Keeps Lifting Me) Higher & Higher,Jackie Wilson,66,0.631,0.69,2,-6.676,1,0.0531,0.176,0.0,0.121,0.938,94.574,181067,0
All Out 60s,20,To Love Somebody,Bee Gees,0,0.423,0.384,9,-12.503,1,0.0315,0.729,4.11e-06,0.27,0.521,90.43,182000,0
All Out 60s,21,I'm a Believer - 2006 Remaster,The Monkees,72,0.526,0.775,0,-6.05,1,0.0352,0.707,2.05e-05,0.217,0.962,80.106,167373,0
All Out 60s,22,You Can't Hurry Love,The Supremes,73,0.63,0.711,10,-9.34,1,0.0472,0.299,0.0,0.0813,0.659,96.912,167933,0
All Out 60s,23,Proud Mary,Creedence Clearwater Revival,0,0.699,0.641,2,-7.564,1,0.0289,0.13,0.000218,0.0601,0.728,120.745,187213,0
All Out 60s,24,I Heard It Through The Grapevine,Marvin Gaye,71,0.711,0.362,3,-10.851,0,0.0381,0.272,0.0,0.127,0.616,117.287,194293,0
All Out 60s,25,Gimme Some Lovin' - Single Mix,The Spencer Davis Group,0,0.493,0.688,7,-8.143,1,0.0321,0.0126,0.256,0.38,0.533,147.403,173973,0
All Out 60s,26,I Only Want To Be With You,Dusty Springfield,0,0.582,0.818,7,-4.281,1,0.0332,0.236,0.0,0.253,0.954,132.946,154947,0
All Out 60s,27,You've Lost That Lovin' Feelin',The Righteous Brothers,56,0.366,0.317,1,-13.976,1,0.027,0.541,0.0,0.0865,0.398,94.108,225427,1
All Out 60s,28,Dancing In The Street - Single Version,Martha Reeves & The Vandellas,0,0.561,0.883,11,-1.737,0,0.0367,0.0405,0.0305,0.112,0.749,126.203,160307,0
All Out 60s,29,Homeward Bound,Simon & Garfunkel,63,0.485,0.378,3,-11.773,1,0.0337,0.831,0.0,0.103,0.528,92.928,149613,0
All Out 60s,30,Eight Days A Week - Remastered 2009,The Beatles,63,0.652,0.583,9,-7.811,1,0.038,0.412,0.0,0.119,0.744,138.134,163600,0
All Out 60s,31,Wouldn't It Be Nice - Mono / Remastered,The Beach Boys,54,0.396,0.686,5,-5.607,1,0.0341,0.725,1.04e-06,0.17,0.717,124.318,145800,0
All Out 60s,32,Where Did Our Love Go - Stereo Version,The Supremes,0,0.562,0.54,0,-7.875,1,0.0365,0.803,3.86e-06,0.106,0.793,134.676,151440,0
All Out 60s,33,California Dreamin' - Single Version,The Mamas & The Papas,0,0.557,0.698,1,-7.471,0,0.039,0.472,0.0,0.057,0.677,112.479,158720,0
All Out 60s,34,Leaving on a Jet Plane,"Peter, Paul and Mary",60,0.414,0.167,9,-16.519,1,0.0484,0.804,0.0,0.117,0.384,133.45,207240,0
All Out 60s,35,"Everybody's Talkin' - From ""Midnight Cowboy""",Harry Nilsson,0,0.402,0.493,4,-9.99,1,0.0357,0.235,3.05e-05,0.229,0.692,124.103,164813,0
All Out 60s,36,Everyday People,Sly & The Family Stone,64,0.807,0.497,7,-10.656,1,0.0297,0.307,0.0327,0.043,0.765,114.524,141507,0
All Out 60s,37,"Oh, Pretty Woman",Roy Orbison,72,0.619,0.603,9,-9.481,1,0.0342,0.712,0.0,0.0721,0.958,127.433,178933,0
All Out 60s,38,In the Midnight Hour,Wilson Pickett,62,0.75,0.444,4,-8.63,1,0.0403,0.12,3.69e-06,0.118,0.849,111.919,157160,0
All Out 60s,39,Up on the Roof,The Drifters,56,0.693,0.29,8,-17.501,1,0.0334,0.706,1.49e-05,0.137,0.92,121.795,157173,0
All Out 60s,40,The Weight - Remastered,The Band,0,0.63,0.519,9,-10.997,1,0.0528,0.225,4.3e-06,0.0974,0.502,143.942,278627,1
All Out 60s,41,Sugar Sugar,The Archies,64,0.757,0.725,2,-7.259,1,0.0275,0.399,0.0,0.108,0.965,122.439,167213,0
All Out 60s,42,Twistin' the Night Away,Sam Cooke,48,0.581,0.696,9,-8.75,1,0.108,0.673,0.0,0.322,0.932,160.891,159893,0
All Out 60s,43,It's Not Unusual,Tom Jones,0,0.346,0.716,0,-10.001,1,0.0735,0.571,0.0,0.189,0.904,184.499,119800,0
All Out 60s,44,Mustang Sally,Wilson Pickett,60,0.725,0.327,0,-17.714,1,0.0387,0.113,0.326,0.214,0.688,110.438,187760,0
All Out 60s,45,Save the Last Dance for Me,The Drifters,58,0.54,0.53,4,-10.583,1,0.0361,0.614,0.0,0.198,0.896,143.453,154960,0
All Out 60s,46,Different Drum,Stone Poneys,56,0.46,0.389,0,-11.603,1,0.031,0.349,0.0,0.0533,0.606,123.213,159973,0
All Out 60s,47,Bad Moon Rising,Creedence Clearwater Revival,77,0.508,0.774,2,-5.973,1,0.0321,0.0586,4.87e-06,0.063,0.942,178.946,141600,0
All Out 60s,48,Gloria (feat. Van Morrison) - Stereo Version,Them,62,0.641,0.703,9,-10.434,1,0.0518,0.397,0.00546,0.104,0.722,129.118,156800,0
All Out 60s,49,River Deep - Mountain High,Ike & Tina Turner,58,0.389,0.745,3,-6.998,1,0.0384,0.777,0.00159,0.143,0.271,83.037,214880,0
All Out 60s,50,Don't Worry Baby - Remastered 2001,The Beach Boys,63,0.487,0.464,4,-9.821,1,0.03,0.0666,0.00531,0.105,0.851,121.242,169933,0
All Out 60s,51,Another Saturday Night,Sam Cooke,57,0.776,0.659,9,-7.767,1,0.051,0.434,0.0,0.0868,0.969,123.094,160000,0
All Out 60s,52,Downtown,Petula Clark,0,0.495,0.629,4,-6.817,1,0.0431,0.695,0.0,0.164,0.545,118.515,183120,0
All Out 60s,53,Baby Love,The Supremes,66,0.595,0.643,5,-9.275,1,0.0365,0.76,0.0,0.538,0.73,135.633,158040,0
All Out 60s,54,Knock on Wood,Eddie Floyd,59,0.864,0.346,4,-12.918,1,0.0365,0.277,0.00521,0.0514,0.964,105.164,189840,0
All Out 60s,55,Aquarius/Let The Sunshine In (The Flesh Failures) [Remastered],The 5th Dimension,45,0.312,0.555,7,-10.05,1,0.0377,0.47,1.43e-06,0.084,0.491,118.235,290400,1
All Out 60s,56,The Loco-Motion - Single Version,Little Eva,46,0.636,0.893,3,-6.311,1,0.047,0.674,0.00143,0.176,0.887,129.664,148627,0
All Out 60s,57,"Monday, Monday - Single Version",The Mamas & The Papas,38,0.493,0.467,1,-11.183,1,0.0289,0.757,0.0,0.388,0.731,110.553,205267,0
All Out 60s,58,Honky Tonk Women - Mono Version,The Rolling Stones,63,0.562,0.779,7,-6.705,1,0.0592,0.363,0.0292,0.066,0.967,119.602,179387,0
All Out 60s,59,My Girl,The Temptations,1,0.579,0.419,0,-10.72,1,0.0346,0.625,0.0,0.0981,0.673,104.564,165000,0
All Out 60s,60,Cupid,Sam Cooke,54,0.474,0.478,7,-8.951,1,0.0343,0.484,0.0,0.0833,0.831,120.326,158613,0
All Out 60s,61,Last Train to Clarksville - Original Stereo Version; 2006 Remaster,The Monkees,49,0.239,0.618,0,-8.464,1,0.033,0.0305,0.0,0.721,0.683,197.499,164093,0
All Out 60s,62,This Old Heart Of Mine (Is Weak For You),The Isley Brothers,0,0.632,0.59,5,-10.206,1,0.0305,0.346,0.0,0.24,0.953,130.287,172733,0
All Out 60s,63,Respect,Aretha Franklin,72,0.805,0.558,0,-5.226,1,0.041,0.164,2.2e-05,0.0546,0.965,114.95,147600,0
All Out 60s,64,Everlasting Love,Love Affair,47,0.499,0.595,4,-10.028,1,0.0384,0.258,0.0,0.487,0.813,120.521,181747,0
All Out 60s,65,To Sir with Love,Lulu,47,0.546,0.399,4,-9.378,1,0.027,0.361,3.18e-06,0.0995,0.301,97.142,166693,0
All Out 60s,66,Green Green Grass Of Home,Tom Jones,61,0.543,0.41,8,-13.253,1,0.0268,0.157,0.0,0.0996,0.817,95.363,184893,0
All Out 60s,67,One Fine Day,The Chiffons,59,0.251,0.868,1,-2.685,1,0.128,0.488,7.34e-06,0.814,0.599,177.13,128200,0
All Out 60s,68,A Place In The Sun,Stevie Wonder,51,0.561,0.447,1,-11.389,1,0.0544,0.279,0.0,0.319,0.729,117.784,172960,0
All Out 60s,69,Turn! Turn! Turn! (To Everything There Is a Season),The Byrds,66,0.451,0.818,2,-8.124,1,0.0439,0.135,2.92e-05,0.052,0.755,124.532,229360,1
All Out 60s,70,Stop! In The Name Of Love,The Supremes,0,0.628,0.593,0,-7.515,1,0.0279,0.508,0.0,0.104,0.488,114.944,172933,0
All Out 60s,71,The Boxer,Simon & Garfunkel,69,0.439,0.488,11,-14.464,1,0.0615,0.702,0.000339,0.16,0.629,93.017,308520,1
All Out 60s,72,Do You Know the Way to San Jose,Dionne Warwick,49,0.658,0.657,0,-7.792,1,0.0482,0.592,9.5e-06,0.08,0.888,157.269,179440,0
All Out 60s,73,Baby I Need Your Loving,Four Tops,61,0.632,0.686,0,-6.116,0,0.0395,0.437,0.0,0.193,0.65,121.414,166027,0
All Out 60s,74,All You Need Is Love - Remastered 2009,The Beatles,64,0.4,0.48,7,-7.768,1,0.0295,0.346,3.1e-05,0.155,0.653,103.436,230387,1
All Out 60s,75,Wake up Little Susie,The Everly Brothers,61,0.709,0.62,2,-9.382,1,0.034,0.318,0.0,0.0426,0.936,93.723,123520,0
All Out 60s,76,Soul Man,Sam & Dave,64,0.79,0.41,0,-13.241,1,0.0343,0.263,0.00314,0.174,0.815,112.345,159000,0
All Out 60s,77,Do Wah Diddy Diddy,Manfred Mann,55,0.661,0.557,4,-8.244,1,0.049,0.262,0.0,0.0557,0.957,125.445,143400,0
All Out 60s,78,Mr. Tambourine Man,The Byrds,63,0.456,0.47,2,-9.564,1,0.0294,0.513,3.76e-05,0.444,0.639,120.336,149467,0
All Out 60s,79,Summer in the City - Remastered,The Lovin' Spoonful,64,0.423,0.681,10,-9.756,1,0.0398,0.0592,0.000177,0.0889,0.56,110.461,160307,0
All Out 60s,80,Georgia on My Mind - Original Master Recording,Ray Charles,60,0.138,0.399,7,-8.756,1,0.0311,0.782,3.65e-06,0.188,0.296,179.93,217415,0
All Out 60s,81,America,Simon & Garfunkel,62,0.259,0.241,2,-15.955,1,0.042,0.554,6.62e-06,0.0849,0.275,178.453,215293,0
All Out 60s,82,No Particular Place To Go - Stereo Remix,Chuck Berry,42,0.574,0.542,7,-11.578,1,0.0657,0.212,0.000117,0.0645,0.977,129.646,164400,0
All Out 60s,83,The Tracks Of My Tears,Smokey Robinson & The Miracles,63,0.502,0.333,7,-10.914,1,0.0264,0.699,0.0,0.222,0.729,96.982,174360,0
All Out 60s,84,Waterloo Sunset - Stereo Mix,The Kinks,0,0.517,0.692,1,-7.273,0,0.0246,0.253,0.0,0.172,0.476,107.958,193293,0
All Out 60s,85,Itchycoo Park,Small Faces,39,0.603,0.596,9,-8.029,1,0.0728,0.395,2.31e-06,0.451,0.502,128.129,172747,0
All Out 60s,86,Rescue Me,Fontella Bass,0,0.733,0.579,7,-8.442,1,0.033,0.573,2.11e-05,0.113,0.963,122.729,176427,0
All Out 60s,87,You Don't Have To Say You Love Me,Dusty Springfield,47,0.243,0.655,2,-4.597,0,0.0363,0.659,1.28e-06,0.0821,0.575,111.965,168467,0
All Out 60s,88,It Takes Two,Marvin Gaye,0,0.523,0.48,3,-10.923,1,0.0492,0.214,0.0,0.0751,0.81,151.4,177667,0
All Out 60s,89,Somethin' Stupid,Frank Sinatra,69,0.257,0.338,4,-12.902,1,0.0357,0.736,0.0,0.252,0.544,207.356,162493,0
All Out 60s,90,Louie Louie,The Kingsmen,67,0.623,0.709,1,-9.818,0,0.0636,0.102,0.0,0.0967,0.948,122.394,165381,0
All Out 60s,91,Wichita Lineman - Remastered 2001,Glen Campbell,61,0.192,0.392,5,-11.667,1,0.0328,0.326,0.000199,0.248,0.391,172.312,186200,0
All Out 60s,92,Do You Love Me,The Contours,45,0.615,0.815,5,-7.128,1,0.0373,0.475,0.0,0.0964,0.765,150.733,174400,0
All Out 60s,93,Both Sides Now,Joni Mitchell,56,0.623,0.156,6,-15.098,1,0.0308,0.912,0.0,0.141,0.329,97.235,274560,1
All Out 60s,94,"Reach Out, I'll Be There",Four Tops,0,0.619,0.472,3,-11.999,0,0.0296,0.293,0.0,0.168,0.777,119.569,174800,0
All Out 60s,95,River Deep - Mountain High,Ike & Tina Turner,56,0.621,0.972,8,-3.791,1,0.0724,0.472,0.000585,0.195,0.866,155.113,244160,1
All Out 60s,96,Hard to Handle,Otis Redding,62,0.666,0.55,10,-8.672,1,0.0612,0.573,1.84e-06,0.122,0.961,95.552,141000,0
All Out 60s,97,Build Me Up Buttercup - Mono,The Foundations,73,0.659,0.513,0,-7.186,1,0.0293,0.315,0.0,0.283,0.855,133.609,177533,0
All Out 60s,98,Jumpin' Jack Flash,The Rolling Stones,0,0.569,0.896,3,-9.068,1,0.0634,0.0602,0.31,0.0723,0.711,137.292,221747,0
All Out 60s,99,Crazy - Single Version,Patsy Cline,65,0.471,0.021,10,-24.385,1,0.0366,0.931,1.19e-06,0.103,0.356,107.796,164573,0
All Out 70s,0,Dancing Queen,ABBA,80,0.543,0.87,9,-6.514,1,0.0428,0.358,0.000939,0.792,0.754,100.804,230400,1
All Out 70s,1,Wild World,Yusuf / Cat Stevens,12,0.484,0.508,0,-9.308,1,0.0364,0.376,0.000791,0.0961,0.554,151.867,200173,0
All Out 70s,2,Your Song,Elton John,77,0.554,0.315,3,-11.028,1,0.0298,0.828,5.53e-06,0.101,0.325,128.157,241787,1
All Out 70s,3,Hotel California - 2013 Remaster,Eagles,59,0.579,0.508,2,-9.484,1,0.027,0.00574,0.000494,0.0575,0.609,147.125,391376,1
All Out 70s,4,I Can See Clearly Now,Johnny Nash,62,0.683,0.53,2,-8.542,1,0.0601,0.41,7.43e-05,0.06,0.579,124.392,162653,0
All Out 70s,5,How Deep Is Your Love,Bee Gees,73,0.633,0.357,5,-9.366,0,0.0264,0.105,0.0,0.133,0.674,104.938,245200,1
All Out 70s,6,Ain't No Stoppin' Us Now - Single Version,McFadden & Whitehead,31,0.721,0.743,1,-6.358,1,0.0525,0.0835,0.0,0.135,0.867,112.504,217320,0
All Out 70s,7,Ain't No Sunshine,Bill Withers,76,0.527,0.415,4,-11.451,0,0.122,0.457,1.72e-05,0.117,0.515,78.169,125093,0
All Out 70s,8,Wonderful Tonight,Eric Clapton,74,0.572,0.214,7,-15.625,1,0.0293,0.649,0.129,0.125,0.485,95.542,225027,1
All Out 70s,9,Mamma Mia,ABBA,76,0.749,0.748,2,-7.011,1,0.0323,0.295,0.000443,0.469,0.827,137.547,213267,0
All Out 70s,10,Maggie May,Rod Stewart,71,0.605,0.574,2,-10.536,1,0.0377,0.559,0.113,0.0684,0.543,129.449,350267,1
All Out 70s,11,Listen to the Music,The Doobie Brothers,74,0.645,0.598,1,-13.18,0,0.0335,0.221,3.53e-06,0.0721,0.913,105.929,227267,1
All Out 70s,12,Give A Little Bit,Supertramp,74,0.531,0.818,2,-5.358,1,0.0452,0.0694,0.0096,0.263,0.471,90.767,248173,1
All Out 70s,13,Midnight Train to Georgia,Gladys Knight & The Pips,70,0.595,0.379,10,-12.058,0,0.0454,0.271,2.81e-05,0.1,0.448,92.006,279333,1
All Out 70s,14,Let Your Love Flow,The Bellamy Brothers,69,0.679,0.553,3,-14.687,1,0.0316,0.0611,7.16e-06,0.139,0.946,109.071,198760,0
All Out 70s,15,Go Your Own Way - 2004 Remaster,Fleetwood Mac,74,0.583,0.947,5,-5.12,1,0.0378,0.0185,0.00109,0.0679,0.803,135.448,223613,1
All Out 70s,16,You're so Vain,Carly Simon,73,0.659,0.678,0,-8.18,1,0.0313,0.157,6.69e-06,0.0784,0.647,106.186,258411,1
All Out 70s,17,"Knowing Me, Knowing You",ABBA,0,0.55,0.741,2,-7.109,1,0.0299,0.0426,3.72e-06,0.235,0.903,107.327,243893,1
All Out 70s,18,Don't Go Breaking My Heart,Elton John,76,0.729,0.844,5,-8.824,1,0.0344,0.149,2.87e-06,0.0604,0.777,131.459,275440,1
All Out 70s,19,My Life,Billy Joel,69,0.741,0.647,2,-12.878,1,0.0427,0.108,0.00139,0.0555,0.804,131.097,284000,1
All Out 70s,20,Cecilia,Simon & Garfunkel,72,0.755,0.876,0,-8.867,1,0.0362,0.357,5.17e-06,0.22,0.954,102.762,174827,0
All Out 70s,21,Take It Easy - 2013 Remaster,Eagles,75,0.575,0.67,7,-10.39,1,0.0318,0.343,4.95e-06,0.129,0.74,139.191,211578,0
All Out 70s,22,"December, 1963 (Oh, What a Night)",Frankie Valli & The Four Seasons,0,0.729,0.6,1,-9.527,1,0.0255,0.0663,7.86e-06,0.0382,0.964,104.414,201093,0
All Out 70s,23,Easy,Commodores,58,0.576,0.432,10,-13.642,0,0.0314,0.233,0.00135,0.0743,0.348,132.144,260893,1
All Out 70s,24,"Rocket Man (I Think It's Going To Be A Long, Long Time)",Elton John,79,0.601,0.532,10,-9.119,1,0.0286,0.432,6.25e-06,0.0925,0.341,136.571,281613,1
All Out 70s,25,She's Always a Woman,Billy Joel,70,0.292,0.324,3,-11.996,1,0.0346,0.797,0.000473,0.12,0.384,176.631,201373,0
All Out 70s,26,Fernando,ABBA,68,0.354,0.535,9,-8.876,1,0.0303,0.627,2.9e-06,0.0808,0.434,110.821,252960,1
All Out 70s,27,American Pie,Don McLean,75,0.531,0.481,4,-11.709,0,0.06,0.699,0.0,0.0842,0.491,138.45,516893,1
All Out 70s,28,Moondance - 2013 Remaster,Van Morrison,67,0.606,0.282,9,-12.207,0,0.0339,0.501,8.3e-06,0.152,0.563,67.409,274040,1
All Out 70s,29,Tiny Dancer,Elton John,77,0.414,0.428,0,-11.097,1,0.0278,0.382,0.000243,0.148,0.282,145.075,377093,1
All Out 70s,30,Crazy Little Thing Called Love - Remastered 2011,Queen,73,0.599,0.761,0,-6.887,1,0.0421,0.713,4.74e-06,0.349,0.712,77.015,163373,0
All Out 70s,31,Follow You Follow Me - Remastered 2007,Genesis,61,0.531,0.747,7,-9.368,1,0.0344,0.146,0.0722,0.07,0.761,93.559,240991,1
All Out 70s,32,You Are The Sunshine Of My Life,Stevie Wonder,69,0.519,0.46,11,-14.53,1,0.0688,0.823,5.97e-05,0.243,0.675,132.082,178200,0
All Out 70s,33,Solsbury Hill,Peter Gabriel,68,0.678,0.631,11,-8.624,1,0.0301,0.355,0.000268,0.376,0.463,102.378,261560,1
All Out 70s,34,Gimme! Gimme! Gimme! (A Man After Midnight),ABBA,80,0.749,0.491,10,-9.655,1,0.0403,0.02,0.00899,0.159,0.536,119.528,292613,1
All Out 70s,35,Daniel,Elton John,65,0.688,0.477,0,-11.945,1,0.029,0.38,4.93e-05,0.0864,0.897,132.071,234667,1
All Out 70s,36,The Air That I Breathe - 2008 Remaster,The Hollies,65,0.279,0.473,4,-8.375,0,0.0309,0.242,0.00164,0.158,0.246,167.792,257107,1
All Out 70s,37,What a Fool Believes,The Doobie Brothers,69,0.758,0.378,8,-15.308,0,0.0449,0.284,0.0,0.049,0.985,120.736,223867,1
All Out 70s,38,Fire and Rain,James Taylor,2,0.611,0.35,5,-14.48,1,0.0356,0.499,7.84e-06,0.0844,0.36,76.064,200579,0
All Out 70s,39,Big Yellow Taxi,Joni Mitchell,68,0.611,0.47,4,-9.135,1,0.0356,0.579,0.0,0.581,0.97,85.527,134800,0
All Out 70s,40,Piano Man,Billy Joel,74,0.331,0.55,0,-6.483,1,0.0272,0.605,3.96e-06,0.192,0.429,177.734,339000,1
All Out 70s,41,Goodbye Yellow Brick Road - Remastered 2014,Elton John,2,0.559,0.473,5,-7.712,1,0.0279,0.446,0.00141,0.154,0.397,121.227,192827,0
All Out 70s,42,Bridge Over Troubled Water,Simon & Garfunkel,69,0.149,0.206,3,-13.888,1,0.0323,0.822,0.000649,0.115,0.264,79.764,293120,1
All Out 70s,43,Everything I Own,Bread,67,0.365,0.338,2,-13.406,1,0.0322,0.735,0.0,0.104,0.446,79.241,187000,0
All Out 70s,44,Annie's Song,John Denver,0,0.325,0.308,2,-11.503,1,0.0297,0.92,0.00603,0.441,0.447,147.117,178267,0
All Out 70s,45,50 Ways to Leave Your Lover,Paul Simon,67,0.815,0.372,7,-12.814,1,0.0752,0.166,0.000116,0.0767,0.293,101.684,217347,0
All Out 70s,46,It's Too Late,Carole King,42,0.698,0.446,9,-12.719,0,0.0284,0.494,0.0054,0.177,0.788,104.265,233187,1
All Out 70s,47,Love Will Keep Us Together,Captain & Tennille,47,0.681,0.484,4,-13.67,1,0.0348,0.317,0.0,0.121,0.923,129.733,206800,0
All Out 70s,48,Livin' Thing,Electric Light Orchestra,68,0.549,0.651,0,-7.097,1,0.0323,0.583,0.0,0.121,0.368,122.818,212307,0
All Out 70s,49,Crocodile Rock,Elton John,71,0.621,0.8,4,-7.284,0,0.0344,0.0263,1.51e-05,0.0591,0.968,149.91,235440,1
All Out 70s,50,Cracklin' Rosie - Single Version,Neil Diamond,63,0.562,0.503,1,-14.836,1,0.0335,0.319,0.0,0.163,0.846,127.827,179933,0
All Out 70s,51,Take A Chance On Me,ABBA,72,0.684,0.675,11,-8.123,1,0.0257,0.163,0.0,0.242,0.924,107.064,243933,1
All Out 70s,52,"Signed, Sealed, Delivered (I'm Yours)",Stevie Wonder,0,0.67,0.619,0,-10.365,0,0.0323,0.0514,0.0,0.0492,0.807,108.826,160500,0
All Out 70s,53,You Ain't Seen Nothing Yet,Bachman-Turner Overdrive,70,0.475,0.439,11,-15.039,0,0.0427,0.000146,0.000277,0.223,0.76,118.392,234867,1
All Out 70s,54,Afternoon Delight,Starland Vocal Band,0,0.491,0.439,5,-11.67,1,0.0301,0.529,0.0,0.102,0.808,147.062,193040,0
All Out 70s,55,Vincent,Don McLean,68,0.419,0.085,7,-19.387,1,0.0362,0.908,5.33e-06,0.34,0.458,91.509,243493,1
All Out 70s,56,Lola,The Kinks,69,0.474,0.917,9,-4.19,1,0.0395,0.582,0.231,0.201,0.902,152.113,241040,1
All Out 70s,57,More Than a Feeling,Boston,77,0.377,0.681,7,-8.039,1,0.0298,0.00088,0.0023,0.0504,0.285,108.789,285133,1
All Out 70s,58,Who'll Stop The Rain,Creedence Clearwater Revival,68,0.598,0.797,7,-6.793,1,0.0332,0.0424,0.000407,0.0717,0.622,123.566,147493,0
All Out 70s,59,He Ain't Heavy He's My Brother - 1998 Remaster,The Hollies,60,0.304,0.421,7,-7.769,1,0.0293,0.46,4.03e-05,0.163,0.216,75.928,262267,1
All Out 70s,60,Forever In Blue Jeans,Neil Diamond,64,0.706,0.39,9,-13.673,1,0.0324,0.0221,3.81e-05,0.0944,0.839,90.584,217533,0
All Out 70s,61,Band On The Run - Remastered 2010,Wings,70,0.479,0.601,7,-8.806,1,0.0318,0.0832,0.00142,0.11,0.669,124.966,313027,1
All Out 70s,62,It Never Rains in Southern California,Albert Hammond,62,0.626,0.565,9,-10.027,1,0.0271,0.124,0.0,0.0811,0.924,116.61,233507,1
All Out 70s,63,I Want You to Want Me,Cheap Trick,69,0.806,0.462,2,-12.778,1,0.0298,0.78,0.0134,0.15,0.736,92.726,191227,0
All Out 70s,64,Burning Love,Elvis Presley,68,0.66,0.748,2,-11.206,1,0.0284,0.0993,0.00585,0.283,0.972,143.549,170293,0
All Out 70s,65,Sir Duke,Stevie Wonder,70,0.588,0.568,6,-9.766,1,0.0672,0.16,0.0,0.0792,0.952,106.938,232760,1
All Out 70s,66,Long Train Runnin',The Doobie Brothers,71,0.575,0.912,7,-7.275,0,0.0393,0.0916,0.00211,0.0562,0.843,117.399,207267,0
All Out 70s,67,Into the Mystic - 2013 Remaster,Van Morrison,71,0.608,0.524,8,-10.266,1,0.0309,0.367,0.00254,0.115,0.797,86.204,205613,0
All Out 70s,68,Bennie And The Jets - Remastered 2014,Elton John,73,0.665,0.673,0,-7.95,1,0.0493,0.259,7.62e-06,0.497,0.779,132.642,322549,1
All Out 70s,69,I Am...I Said - Single Version,Neil Diamond,62,0.246,0.375,10,-14.409,1,0.0272,0.141,4.97e-06,0.109,0.511,90.53,213200,0
All Out 70s,70,Silly Love Songs - Remastered 2014,Wings,61,0.742,0.471,0,-10.767,1,0.0326,0.134,0.0903,0.284,0.815,124.95,354240,1
All Out 70s,71,If You Leave Me Now,Chicago,73,0.434,0.563,11,-6.784,1,0.0268,0.0197,0.000824,0.128,0.275,104.183,235373,1
All Out 70s,72,Ventura Highway,America,68,0.673,0.581,2,-10.205,1,0.029,0.223,0.000206,0.063,0.818,130.771,211387,0
All Out 70s,73,Mandy,Barry Manilow,67,0.308,0.464,10,-9.032,1,0.0279,0.418,2.49e-06,0.143,0.318,103.734,213333,0
All Out 70s,74,Me and Bobby McGee,Janis Joplin,70,0.43,0.463,2,-10.96,1,0.0442,0.303,5.84e-05,0.152,0.66,93.405,271333,1
All Out 70s,75,The Boxer,Simon & Garfunkel,69,0.439,0.488,11,-14.464,1,0.0615,0.702,0.000339,0.16,0.629,93.017,308520,1
All Out 70s,76,Here You Come Again,Dolly Parton,64,0.585,0.511,1,-9.37,1,0.0391,0.647,0.007,0.0392,0.552,105.898,179491,0
All Out 70s,77,Never Going Back Again - 2004 Remaster,Fleetwood Mac,68,0.654,0.336,6,-12.825,1,0.0379,0.858,0.385,0.0786,0.947,176.083,134400,0
All Out 70s,78,Nobody Does It Better,Marvin Hamlisch,58,0.368,0.403,10,-12.699,1,0.0288,0.703,7.66e-06,0.202,0.338,135.384,212667,0
All Out 70s,79,Reelin' In The Years,Steely Dan,70,0.523,0.758,2,-9.81,1,0.0403,0.133,0.0,0.0952,0.766,135.437,277267,1
All Out 70s,80,You Sexy Thing,Hot Chocolate,70,0.791,0.733,5,-5.465,1,0.0633,0.523,0.0016,0.167,0.962,105.853,244920,1
All Out 70s,81,Rock the Boat,Hues Corporation,50,0.622,0.707,3,-8.826,1,0.0717,0.0641,0.0,0.0638,0.725,107.352,188747,0
All Out 70s,82,Born to Run,Bruce Springsteen,70,0.27,0.944,4,-4.199,1,0.0975,0.00501,2.05e-05,0.116,0.606,146.347,269920,1
All Out 70s,83,Layla,Derek & The Dominos,73,0.404,0.902,1,-3.88,1,0.0665,0.577,0.297,0.287,0.497,115.669,423840,1
All Out 70s,84,When You're In Love With A Beautiful Woman,Dr. Hook,63,0.679,0.728,8,-9.539,1,0.0378,0.405,0.00261,0.0506,0.852,109.623,178827,0
All Out 70s,85,Right Down the Line,Gerry Rafferty,65,0.783,0.322,0,-15.091,1,0.0343,0.213,0.00243,0.114,0.77,128.226,267773,1
All Out 70s,86,Still The Same,Bob Seger,64,0.709,0.767,0,-6.732,1,0.0283,0.405,0.000172,0.0592,0.557,115.64,203547,0
All Out 70s,87,Lean on Me,Bill Withers,69,0.619,0.22,0,-13.843,1,0.0672,0.782,1.19e-05,0.124,0.426,75.143,258835,1
All Out 70s,88,Kiss You All Over,Exile,55,0.741,0.267,0,-17.204,1,0.0285,0.253,0.000447,0.0987,0.497,102.428,214400,0
All Out 70s,89,Jolene,Dolly Parton,71,0.674,0.537,1,-10.971,0,0.0363,0.566,0.0,0.131,0.809,110.578,161533,0
All Out 70s,90,The Logical Song - Remastered 2010,Supertramp,72,0.625,0.758,5,-6.213,0,0.0463,0.512,0.00022,0.153,0.695,119.719,251253,1
All Out 70s,91,Have You Ever Seen The Rain,Creedence Clearwater Revival,77,0.741,0.697,0,-7.028,1,0.0277,0.0664,2.28e-05,0.133,0.774,116.109,160133,0
All Out 70s,92,Landslide,Fleetwood Mac,76,0.414,0.161,7,-22.32,0,0.0318,0.883,0.000223,0.117,0.423,159.375,199493,0
All Out 70s,93,Summer Breeze,Seals and Crofts,65,0.49,0.581,5,-6.566,1,0.0388,0.553,0.0177,0.0764,0.318,88.718,205480,0
All Out 70s,94,Top Of The World,Carpenters,66,0.379,0.343,10,-12.993,1,0.0385,0.806,0.0,0.0991,0.694,184.301,179173,0
All Out 70s,95,Your Smiling Face,James Taylor,47,0.682,0.509,1,-11.887,1,0.0784,0.146,5.02e-06,0.0886,0.605,88.934,164920,0
All Out 70s,96,I Shot The Sheriff,Eric Clapton,65,0.73,0.639,7,-11.025,0,0.0524,0.0853,0.00221,0.102,0.658,94.395,263747,1
All Out 70s,97,Don't Bring Me Down,Electric Light Orchestra,71,0.638,0.867,2,-6.469,1,0.0331,0.144,0.000733,0.0846,0.805,115.692,243373,1
All Out 70s,98,Morning Has Broken,Yusuf / Cat Stevens,68,0.424,0.321,7,-13.162,1,0.0312,0.622,0.0196,0.0903,0.405,133.126,200000,0
All Out 70s,99,Isn't She Lovely,Stevie Wonder,66,0.481,0.826,1,-6.974,0,0.0851,0.182,0.00352,0.324,0.819,118.679,394267,1
All Out 80s,0,The Winner Takes It All,ABBA,75,0.454,0.788,6,-6.748,1,0.0371,0.574,0.000766,0.0859,0.52,126.15,294720,1
All Out 80s,1,Invisible Touch - Remastered 2007,Genesis,70,0.623,0.94,0,-5.731,1,0.0365,0.202,0.00184,0.0472,0.837,131.037,210133,0
All Out 80s,2,Don't Dream It's Over,Crowded House,69,0.451,0.752,8,-6.993,1,0.0412,0.00939,0.000202,0.0844,0.358,81.917,238173,1
All Out 80s,3,What's Love Got to Do with It,Tina Turner,72,0.851,0.406,1,-11.631,1,0.0661,0.219,6.41e-06,0.0853,0.792,97.84,226880,1
All Out 80s,4,Take on Me,a-ha,83,0.573,0.902,6,-7.638,0,0.054,0.018,0.00125,0.0928,0.876,84.412,225280,1
All Out 80s,5,Every Breath You Take,The Police,70,0.822,0.478,1,-8.746,1,0.0343,0.559,0.0073,0.0813,0.722,117.394,251573,1
All Out 80s,6,Against All Odds (Take a Look at Me Now) - 2016 Remaster,Phil Collins,75,0.58,0.498,1,-6.901,1,0.0277,0.198,0.0,0.132,0.111,116.271,206360,0
All Out 80s,7,Billie Jean,Michael Jackson,82,0.92,0.654,11,-3.051,0,0.0401,0.0236,0.0158,0.0359,0.847,117.046,293827,1
All Out 80s,8,I Wanna Dance with Somebody (Who Loves Me),Whitney Houston,80,0.709,0.824,1,-8.824,1,0.0453,0.207,0.000307,0.0888,0.867,118.818,291293,1
All Out 80s,9,Summer Of '69,Bryan Adams,80,0.508,0.834,2,-6.205,1,0.0386,0.0183,0.0,0.0732,0.774,139.131,216053,0
All Out 80s,10,Lay All Your Love On Me,ABBA,0,0.679,0.708,2,-7.854,0,0.0258,0.0989,0.00384,0.425,0.763,133.501,274467,1
All Out 80s,11,Fast Car,Tracy Chapman,77,0.711,0.292,4,-15.523,0,0.037,0.313,0.0,0.131,0.194,103.951,296800,1
All Out 80s,12,That's All - Remastered 2007,Genesis,65,0.579,0.669,4,-8.704,0,0.0326,0.253,0.0257,0.0911,0.798,175.181,266173,1
All Out 80s,13,Dancing In the Dark,Bruce Springsteen,76,0.527,0.942,1,-5.64,0,0.0366,0.0115,0.0,0.188,0.495,148.723,241307,1
All Out 80s,14,You Can't Hurry Love - 2016 Remaster,Phil Collins,74,0.62,0.936,7,-4.593,1,0.0308,0.0261,0.0,0.0679,0.763,97.527,175747,0
All Out 80s,15,Faith - Remastered,George Michael,57,0.887,0.48,11,-11.994,1,0.117,0.0094,3.58e-05,0.0662,0.607,95.846,193200,0
All Out 80s,16,Islands in the Stream,Dolly Parton,66,0.611,0.524,8,-8.256,1,0.035,0.68,0.0,0.0753,0.73,203.787,250053,1
All Out 80s,17,The Best,Tina Turner,68,0.662,0.737,0,-9.54,1,0.0296,0.108,0.0191,0.119,0.744,103.867,329800,1
All Out 80s,18,Super Trouper,ABBA,73,0.764,0.626,0,-8.274,1,0.0288,0.457,6.35e-06,0.201,0.961,118.34,252853,1
All Out 80s,19,Land Of Confusion - Remastered 2007,Genesis,65,0.619,0.939,1,-6.787,1,0.0397,0.0173,0.000355,0.327,0.677,115.164,286320,1
All Out 80s,20,Every Little Thing She Does Is Magic,The Police,72,0.558,0.768,2,-9.997,1,0.0343,0.121,0.0626,0.124,0.429,81.909,260573,1
All Out 80s,21,I Still Haven't Found What I'm Looking For - Remastered 2007,U2,0,0.565,0.764,1,-9.43,1,0.0351,0.0139,0.00488,0.079,0.686,100.891,277480,1
All Out 80s,22,Stuck With You,Huey Lewis & The News,64,0.704,0.544,4,-11.402,0,0.026,0.0873,1.66e-05,0.041,0.628,120.717,269573,1
All Out 80s,23,Don't You (Forget About Me) - Remastered,Simple Minds,2,0.602,0.784,11,-7.976,0,0.0313,0.00398,0.0852,0.0931,0.918,133.019,263973,1
All Out 80s,24,Crazy Little Thing Called Love - Remastered 2011,Queen,73,0.599,0.761,0,-6.887,1,0.0421,0.713,4.74e-06,0.349,0.712,77.015,163373,0
All Out 80s,25,"Hungry Eyes - From ""Dirty Dancing"" Soundtrack",Eric Carmen,72,0.712,0.549,5,-9.484,1,0.0254,0.011,0.0,0.118,0.552,109.882,251067,1
All Out 80s,26,Got My Mind Set On You - Remastered 2004,George Harrison,71,0.767,0.854,4,-6.947,1,0.0426,0.465,2.03e-06,0.485,0.963,149.206,234653,1
All Out 80s,27,Karma Chameleon,Culture Club,59,0.668,0.473,10,-15.402,1,0.0336,0.231,0.0,0.115,0.962,91.976,242200,1
All Out 80s,28,Walk Of Life,Dire Straits,0,0.461,0.918,4,-8.507,1,0.0959,0.405,0.00033,0.126,0.802,172.435,249960,1
All Out 80s,29,Manic Monday,The Bangles,50,0.685,0.571,2,-11.623,1,0.0299,0.335,2.38e-06,0.214,0.869,121.737,184173,0
All Out 80s,30,Walking On Sunshine,Katrina & The Waves,76,0.596,0.869,10,-11.97,1,0.037,0.0116,0.173,0.0678,0.944,109.902,238733,1
All Out 80s,31,Dancing On The Ceiling,Lionel Richie,68,0.698,0.774,0,-8.642,1,0.048,0.12,2.26e-06,0.394,0.731,133.197,270720,1
All Out 80s,32,The Power Of Love,Huey Lewis & The News,72,0.768,0.829,5,-5.109,1,0.0313,0.0964,2.92e-05,0.097,0.962,118.773,234333,1
All Out 80s,33,Nothing's Gonna Stop Us Now,Starship,0,0.643,0.801,6,-4.921,1,0.0228,0.0298,0.0,0.0719,0.534,95.988,270333,1
All Out 80s,34,Hungry Heart,Bruce Springsteen,67,0.641,0.894,8,-7.41,1,0.0273,0.0857,0.009,0.157,0.972,109.823,199453,0
All Out 80s,35,The Boys Of Summer,Don Henley,75,0.516,0.549,6,-13.741,1,0.0373,0.501,0.00572,0.184,0.907,176.941,288733,1
All Out 80s,36,Uptown Girl,Billy Joel,76,0.701,0.944,4,-2.986,1,0.0455,0.0755,0.0,0.601,0.792,128.993,197707,0
All Out 80s,37,Don't Stop Believin',Journey,72,0.491,0.802,4,-7.106,1,0.0392,0.25,0.0,0.387,0.472,119.25,248907,1
All Out 80s,38,Time After Time,Cyndi Lauper,68,0.724,0.436,0,-9.321,1,0.0282,0.576,1.19e-06,0.0908,0.324,130.439,243067,1
All Out 80s,39,I'm Still Standing,Elton John,0,0.489,0.927,10,-6.298,0,0.17,0.455,0.00165,0.305,0.79,177.354,181787,0
All Out 80s,40,Everywhere,Fleetwood Mac,0,0.69,0.54,4,-10.516,1,0.0317,0.218,0.00657,0.115,0.764,114.846,222733,1
All Out 80s,41,You Can Call Me Al,Paul Simon,74,0.776,0.763,5,-8.124,1,0.0534,0.182,0.00647,0.077,0.82,128.433,280000,1
All Out 80s,42,"Footloose - From ""Footloose"" Soundtrack",Kenny Loggins,70,0.583,0.905,2,-6.132,1,0.0733,0.0984,0.00019,0.0593,0.646,173.982,226827,1
All Out 80s,43,A Little Respect - 2009 - Remaster,Erasure,3,0.605,0.785,0,-7.961,1,0.0257,0.0303,4.14e-06,0.288,0.628,113.803,213987,0
All Out 80s,44,I Guess That's Why They Call It The Blues,Elton John,68,0.673,0.663,0,-7.29,1,0.0269,0.217,0.017,0.177,0.671,120.634,285333,1
All Out 80s,45,I Knew You Were Waiting (For Me),George Michael,0,0.71,0.639,4,-12.839,1,0.045,0.23,0.0,0.172,0.733,107.947,241000,1
All Out 80s,46,"Get Outta My Dreams, Get Into My Car",Billy Ocean,60,0.666,0.91,4,-6.457,1,0.0399,0.0874,8.41e-06,0.336,0.919,117.14,284373,1
All Out 80s,47,All Night Long (All Night) - Single Version,Lionel Richie,70,0.748,0.603,1,-12.044,1,0.043,0.15,0.000261,0.0269,0.827,108.831,258667,1
All Out 80s,48,The Way It Is,Bruce Hornsby,68,0.582,0.689,7,-12.203,1,0.0277,0.607,0.0571,0.145,0.531,111.166,297853,1
All Out 80s,49,Valerie,Steve Winwood,0,0.722,0.518,9,-10.78,1,0.0296,0.593,0.00453,0.0854,0.753,116.289,246667,1
All Out 80s,50,Don't Get Me Wrong - 2007 Remaster,Pretenders,63,0.46,0.932,0,-6.264,1,0.0468,0.139,0.00504,0.114,0.849,203.617,227463,1
All Out 80s,51,Heaven Is a Place on Earth,Belinda Carlisle,68,0.64,0.852,1,-8.119,0,0.0345,0.0243,1.82e-06,0.0497,0.793,122.902,246520,1
All Out 80s,52,St. Elmos Fire (Man in Motion),John Parr,65,0.612,0.6,9,-10.945,1,0.0327,0.15,3.04e-06,0.222,0.471,111.203,251800,1
All Out 80s,53,"(I've Had) The Time of My Life - From ""Dirty Dancing"" Soundtrack",Bill Medley,57,0.7,0.781,6,-8.255,0,0.0507,0.0869,0.00342,0.059,0.385,108.694,289067,1
All Out 80s,54,The Look,Roxette,1,0.634,0.838,2,-5.363,1,0.0413,0.0531,8.34e-06,0.0522,0.541,95.011,237320,1
All Out 80s,55,Addicted To Love,Robert Palmer,67,0.702,0.578,2,-13.415,1,0.031,0.382,5.89e-06,0.0425,0.975,111.617,363640,1
All Out 80s,56,Little Lies - 2017 Remaster,Fleetwood Mac,70,0.64,0.649,2,-10.345,1,0.0264,0.216,8.3e-05,0.0551,0.865,124.825,221053,0
All Out 80s,57,Rosanna,TOTO,71,0.365,0.513,7,-13.034,0,0.0357,0.0208,0.000147,0.205,0.739,80.647,331200,1
All Out 80s,58,If I Could Turn Back Time,Cher,70,0.658,0.575,11,-10.365,1,0.0267,0.243,0.0,0.122,0.504,108.329,239827,1
All Out 80s,59,Jump (Original Mix),The Pointer Sisters,63,0.846,0.826,10,-7.909,0,0.098,0.0867,0.0,0.12,0.813,134.454,262560,1
All Out 80s,60,Easy Lover,Philip Bailey,66,0.749,0.699,1,-13.108,1,0.0371,0.0674,0.00192,0.0763,0.935,128.904,304507,1
All Out 80s,61,Glory Days,Bruce Springsteen,69,0.574,0.96,9,-4.906,1,0.032,0.0457,0.0,0.121,0.978,117.486,254733,1
All Out 80s,62,We Built This City,Starship,1,0.661,0.908,5,-4.897,1,0.039,0.052,0.0,0.0708,0.656,144.091,296080,1
All Out 80s,63,Always on My Mind,Pet Shop Boys,68,0.533,0.783,7,-10.61,1,0.0366,0.0116,0.0565,0.186,0.726,124.874,234907,1
All Out 80s,64,Africa,TOTO,81,0.671,0.373,9,-18.064,1,0.0323,0.257,8.01e-05,0.0481,0.732,92.718,295893,1
All Out 80s,65,Wake Me Up Before You Go-Go,Wham!,0,0.618,0.764,0,-6.027,1,0.0562,0.186,0.0,0.12,0.876,81.366,230693,1
All Out 80s,66,Purple Rain,Prince,0,0.383,0.57,10,-7.019,1,0.0318,0.0416,0.00683,0.746,0.183,114.147,522307,1
All Out 80s,67,Nikita,Elton John,67,0.632,0.656,7,-9.29,1,0.0277,0.123,0.000264,0.0735,0.752,86.605,343240,1
All Out 80s,68,9 to 5,Dolly Parton,75,0.554,0.783,6,-5.852,1,0.0457,0.416,1.54e-06,0.631,0.813,105.39,162467,0
All Out 80s,69,The Living Years,Mike & The Mechanics,64,0.527,0.429,8,-12.431,1,0.0321,0.655,0.0,0.0865,0.277,97.893,332333,1
All Out 80s,70,You're the Voice,John Farnham,61,0.369,0.762,10,-8.993,1,0.0464,0.22,2.8e-05,0.579,0.644,84.957,302107,1
All Out 80s,71,Bette Davis Eyes,Kim Carnes,71,0.675,0.649,5,-10.271,1,0.0319,0.0204,0.0,0.0959,0.596,116.624,228000,1
All Out 80s,72,Up Where We Belong,Joe Cocker,60,0.573,0.429,2,-8.68,1,0.0294,0.597,8.18e-05,0.0839,0.361,139.097,233240,1
All Out 80s,73,Don't You Want Me,The Human League,73,0.731,0.738,9,-8.125,0,0.0377,0.184,0.0,0.214,0.958,117.656,236920,1
All Out 80s,74,Love Changes (Everything),Climie Fisher,64,0.624,0.868,5,-5.867,1,0.0269,0.305,1.38e-05,0.186,0.806,111.143,268187,1
All Out 80s,75,Gloria,Laura Branigan,63,0.776,0.743,9,-6.807,1,0.0289,0.107,0.293,0.149,0.84,131.343,289853,1
All Out 80s,76,Alone,Heart,72,0.418,0.452,1,-13.099,1,0.0356,0.638,0.00026,0.0959,0.168,175.088,218733,0
All Out 80s,77,She Drives Me Crazy,Fine Young Cannibals,0,0.796,0.693,2,-6.02,1,0.0413,0.164,1.77e-05,0.0408,0.954,108.8,218907,0
All Out 80s,78,Don't Leave Me This Way (with Sarah Jane Morris),The Communards,66,0.64,0.926,3,-5.597,1,0.0322,0.135,2.04e-06,0.134,0.901,131.997,271067,1
All Out 80s,79,I'm Gonna Be (500 Miles),The Proclaimers,72,0.851,0.551,4,-5.177,1,0.0396,0.151,0.0,0.0827,0.807,131.922,219467,0
All Out 80s,80,Holiday,Madonna,57,0.813,0.699,7,-8.656,1,0.0458,0.0251,0.0135,0.0527,0.732,117.548,231560,1
All Out 80s,81,Girls Just Want to Have Fun,Cyndi Lauper,63,0.705,0.847,6,-2.588,1,0.0361,0.414,3.21e-06,0.406,0.743,120.527,228120,1
All Out 80s,82,"When the Going Gets Tough, The Tough Get Going",Billy Ocean,62,0.755,0.763,4,-6.318,1,0.0473,0.405,0.0,0.318,0.932,122.045,248000,1
All Out 80s,83,I Can Dream About You,Dan Hartman,2,0.747,0.533,9,-12.165,1,0.0554,0.1,0.0,0.0344,0.875,112.987,247800,1
All Out 80s,84,Eternal Flame,The Bangles,67,0.526,0.358,4,-7.239,0,0.0243,0.525,0.0,0.0942,0.399,78.989,238027,1
All Out 80s,85,Total Eclipse of the Heart,Bonnie Tyler,76,0.431,0.723,8,-5.887,1,0.0568,0.145,0.0,0.374,0.19,130.141,267360,1
All Out 80s,86,Run To You,Bryan Adams,66,0.561,0.811,4,-6.157,1,0.0265,0.00515,3.6e-05,0.287,0.635,126.593,233270,1
All Out 80s,87,I Don't Want A Lover,Texas,59,0.756,0.47,7,-12.615,1,0.0394,0.196,0.000487,0.126,0.43,120.484,300600,1
All Out 80s,88,I Want to Know What Love Is - 1999 Remaster,Foreigner,77,0.477,0.471,6,-10.036,1,0.0277,0.193,1.76e-06,0.131,0.423,81.204,304787,1
All Out 80s,89,Start Me Up - Remastered 2009,The Rolling Stones,76,0.631,0.932,5,-4.142,1,0.0354,0.0436,0.137,0.0918,0.971,122.429,213067,0
All Out 80s,90,Free Fallin',Tom Petty,1,0.617,0.435,5,-13.547,1,0.0256,0.178,0.0,0.0822,0.601,84.382,256667,1
All Out 80s,91,"That's What Friends Are For (with Elton John, Gladys Knight & Stevie Wonder)",Dionne Warwick,39,0.683,0.284,0,-15.207,0,0.0314,0.333,0.0,0.0608,0.207,120.233,257360,1
All Out 80s,92,Here I Go Again - 2018 Remaster,Whitesnake,69,0.292,0.823,7,-6.763,1,0.0407,0.0117,7.79e-05,0.155,0.244,89.939,275395,1
All Out 80s,93,Papa Don't Preach,Madonna,64,0.833,0.934,5,-3.243,0,0.0313,0.343,7.55e-06,0.0521,0.964,121.879,268533,1
All Out 80s,94,Sledgehammer,Peter Gabriel,64,0.657,0.685,1,-5.203,1,0.0334,0.0246,0.0,0.037,0.424,96.458,313533,1
All Out 80s,95,Kokomo,The Beach Boys,5,0.684,0.643,0,-10.252,1,0.0329,0.0107,0.0,0.292,0.922,115.571,215573,0
All Out 80s,96,Love Shack,The B-52's,70,0.701,0.803,5,-6.786,0,0.0545,0.0544,1.54e-06,0.7,0.903,133.608,320680,1
All Out 80s,97,The Whole Of The Moon - 2004 Remastered Version,The Waterboys,0,0.606,0.794,0,-7.168,1,0.0291,0.119,7.16e-06,0.125,0.584,105.813,302827,1
All Out 80s,98,With Or Without You - Remastered,U2,78,0.54,0.429,2,-11.822,1,0.0285,0.000202,0.355,0.141,0.113,110.171,295516,1
All Out 80s,99,"The Heat Is On - From ""Beverly Hills Cop"" Soundtrack",Glenn Frey,64,0.622,0.865,7,-6.369,1,0.0531,0.0167,2.34e-05,0.0692,0.87,149.706,227800,1
All Out 90s,0,Wannabe,Spice Girls,79,0.768,0.864,11,-6.145,1,0.0324,0.101,0.0,0.162,0.891,110.008,173027,0
All Out 90s,1,Torn,Natalie Imbruglia,67,0.558,0.928,5,-3.04,1,0.0356,0.0746,5.44e-05,0.696,0.6,96.313,244813,1
All Out 90s,2,Weather With You,Crowded House,71,0.643,0.614,2,-12.878,1,0.0279,0.25,7.17e-06,0.214,0.891,93.982,224467,1
All Out 90s,3,(Everything I Do) I Do It For You,Bryan Adams,75,0.533,0.36,1,-12.633,1,0.0282,0.0805,1.03e-05,0.0631,0.299,131.229,393640,1
All Out 90s,4,Wonderwall,Oasis,0,0.409,0.892,2,-4.373,1,0.0336,0.000807,0.0,0.207,0.651,174.426,258613,1
All Out 90s,5,I Want It That Way,Backstreet Boys,72,0.689,0.702,6,-5.642,0,0.0261,0.216,0.0,0.159,0.484,99.031,213600,0
All Out 90s,6,Stop,Spice Girls,69,0.722,0.845,2,-4.446,0,0.0308,0.287,0.0,0.0561,0.965,130.13,204754,0
All Out 90s,7,To Be With You,Mr. Big,0,0.696,0.419,4,-7.289,1,0.0419,0.245,0.0,0.0785,0.487,83.653,208067,0
All Out 90s,8,Believe,Cher,75,0.652,0.917,6,-6.72,1,0.0548,0.0082,0.0,0.0509,0.459,132.975,239027,1
All Out 90s,9,This Kiss,Faith Hill,59,0.48,0.832,11,-5.663,1,0.0426,0.137,0.0,0.354,0.648,186.875,194907,0
All Out 90s,10,Man! I Feel Like A Woman!,Shania Twain,73,0.657,0.639,10,-7.527,1,0.0412,0.581,0.0,0.278,0.674,124.882,234493,1
All Out 90s,11,MMMBop,Hanson,67,0.683,0.937,9,-6.335,1,0.0449,0.00481,0.0046,0.07,0.619,104.872,268653,1
All Out 90s,12,When You're Gone,Bryan Adams,66,0.546,0.931,0,-6.344,1,0.0341,0.000299,2.92e-05,0.11,0.643,125.495,204893,0
All Out 90s,13,Hold On,Wilson Phillips,68,0.679,0.657,5,-9.897,1,0.0255,0.4,0.0,0.0497,0.546,97.8,266867,1
All Out 90s,14,2 Become 1,Spice Girls,66,0.646,0.665,6,-7.878,1,0.0268,0.326,1.97e-05,0.238,0.7,143.966,241027,1
All Out 90s,15,Walking in Memphis,Cher,62,0.696,0.679,2,-7.363,1,0.0305,0.587,0.0,0.165,0.527,128.982,235493,1
All Out 90s,16,"I'll Be There for You - Theme From ""Friends""",The Rembrandts,66,0.32,0.917,9,-5.903,1,0.0771,0.0717,0.0,0.169,0.715,190.757,188360,0
All Out 90s,17,Walking on Broken Glass,Annie Lennox,67,0.749,0.562,0,-8.45,1,0.0281,0.215,1.1e-06,0.105,0.807,115.008,253296,1
All Out 90s,18,Back for Good - Radio Mix,Take That,1,0.601,0.504,5,-9.761,1,0.0284,0.31,0.0,0.137,0.564,78.986,242267,1
All Out 90s,19,That Don't Impress Me Much,Shania Twain,67,0.743,0.873,10,-4.943,0,0.0507,0.14,0.0,0.142,0.965,125.005,238707,1
All Out 90s,20,Picture Of You,Boyzone,64,0.768,0.919,0,-6.066,1,0.0416,0.109,1.14e-06,0.366,0.862,116.649,206040,0
All Out 90s,21,Kiss Me,Sixpence None The Richer,0,0.529,0.741,3,-5.661,1,0.0268,0.116,1.23e-06,0.0736,0.455,100.004,205240,0
All Out 90s,22,Say You'll Be There,Spice Girls,66,0.726,0.679,1,-6.219,1,0.0473,0.0149,1.49e-06,0.0837,0.751,107.02,235973,1
All Out 90s,23,The Shoop Shoop Song (It's In His Kiss),Cher,0,0.678,0.61,0,-10.509,1,0.0306,0.467,0.0,0.397,0.919,117.04,170000,0
All Out 90s,24,Come on over Baby (All I Want Is You) - Radio Version,Christina Aguilera,63,0.829,0.915,8,-3.205,1,0.106,0.226,1.25e-05,0.246,0.779,118.903,203333,0
All Out 90s,25,You're Still The One,Shania Twain,73,0.585,0.494,3,-8.751,1,0.0353,0.363,0.0,0.0886,0.634,133.822,212200,0
All Out 90s,26,Freedom! '90 - Remastered,George Michael,68,0.677,0.852,5,-10.856,1,0.045,0.225,3.95e-05,0.0595,0.93,91.691,390862,1
All Out 90s,27,When You Say Nothing At All,Ronan Keating,72,0.461,0.448,7,-10.665,1,0.0246,0.161,1.18e-06,0.0811,0.418,173.86,256827,1
All Out 90s,28,Together Again,Janet Jackson,66,0.873,0.593,7,-8.942,1,0.103,0.078,0.00697,0.104,0.495,123.091,301200,1
All Out 90s,29,The King of Wishful Thinking,Go West,63,0.669,0.868,0,-7.377,1,0.0527,0.033,0.0,0.0991,0.913,107.885,241760,1
All Out 90s,30,Ironic - 2015 Remaster,Alanis Morissette,69,0.408,0.582,11,-8.305,1,0.0508,0.218,0.0,0.159,0.365,114.926,230000,1
All Out 90s,31,Spice Up Your Life,Spice Girls,66,0.556,0.993,1,-5.067,1,0.0464,0.0105,0.0341,0.403,0.702,124.016,173667,0
All Out 90s,32,Only Wanna Be with You,Hootie & The Blowfish,68,0.49,0.873,6,-5.861,1,0.0355,0.107,5.19e-06,0.118,0.513,103.272,229587,1
All Out 90s,33,"Love Is All Around - From ""Four Weddings And A Funeral""",Wet Wet Wet,31,0.428,0.542,10,-12.381,1,0.0304,0.256,0.0,0.169,0.566,169.896,237893,1
All Out 90s,34,Fading Like A Flower (Every Time You Leave),Roxette,0,0.609,0.668,0,-5.738,1,0.026,0.195,0.0,0.219,0.319,105.419,230680,1
All Out 90s,35,Bring It All Back,S Club 7,63,0.679,0.903,4,-4.914,1,0.0463,0.333,0.0,0.372,0.872,108.114,213600,0
All Out 90s,36,Truly Madly Deeply,Savage Garden,72,0.555,0.698,0,-8.874,1,0.0287,0.403,0.0,0.0851,0.816,168.12,277267,1
All Out 90s,37,C'est La Vie,B*Witched,61,0.705,0.936,7,-5.109,1,0.0306,0.0978,0.000124,0.0506,0.939,109.004,173693,0
All Out 90s,38,I Love You Always Forever,Donna Lewis,68,0.744,0.453,5,-11.977,1,0.0348,0.627,0.421,0.0898,0.122,103.773,239960,1
All Out 90s,39,Who Do You Think You Are,Spice Girls,63,0.727,0.83,6,-6.658,0,0.0376,0.0226,0.00356,0.73,0.899,118.002,240707,1
All Out 90s,40,As Long as You Love Me,Backstreet Boys,69,0.804,0.801,0,-4.892,1,0.0305,0.275,3.29e-05,0.215,0.826,98.12,221107,0
All Out 90s,41,Black or White - Single Version,Michael Jackson,63,0.741,0.894,4,-3.826,1,0.0496,0.0814,0.0527,0.089,0.96,114.879,202853,0
All Out 90s,42,Don't Let the Sun Go Down on Me,George Michael,55,0.432,0.551,0,-8.096,1,0.0289,0.501,1.77e-06,0.472,0.253,136.465,346960,1
All Out 90s,43,"It Must Have Been Love - From the Film ""Pretty Woman""",Roxette,73,0.52,0.652,5,-6.655,1,0.0274,0.34,5.49e-05,0.256,0.722,80.609,258787,1
All Out 90s,44,Let's Get Loud,Jennifer Lopez,67,0.82,0.937,5,-4.81,0,0.0542,0.139,7.51e-05,0.325,0.922,131.006,238227,1
All Out 90s,45,"Baby, I Love Your Way",Big Mountain,61,0.651,0.747,1,-7.269,0,0.0699,0.0528,0.0,0.207,0.776,147.518,249520,1
All Out 90s,46,"Baby, Baby",Amy Grant,58,0.702,0.901,1,-4.45,1,0.0264,0.426,0.00153,0.0368,0.919,97.862,236973,1
All Out 90s,47,There She Goes,The La's,67,0.533,0.761,7,-10.632,1,0.0298,0.013,0.829,0.207,0.917,122.777,162187,0
All Out 90s,48,Sometimes,Britney Spears,66,0.745,0.742,10,-5.693,1,0.0259,0.42,0.0,0.102,0.806,95.996,245067,1
All Out 90s,49,Joyride,Roxette,0,0.631,0.77,2,-5.315,1,0.0267,0.0457,0.0,0.481,0.734,102.348,263093,1
All Out 90s,50,Everybody (Backstreet's Back) - Radio Edit,Backstreet Boys,72,0.731,0.853,10,-4.219,0,0.0363,0.0352,0.0,0.268,0.605,108.016,225360,1
All Out 90s,51,Jessie,Joshua Kadison,60,0.648,0.464,7,-11.592,1,0.0287,0.426,4.93e-06,0.262,0.512,142.924,319027,1
All Out 90s,52,Strong Enough,Cher,66,0.593,0.923,0,-6.19,1,0.101,0.0495,0.0,0.29,0.587,124.862,224000,1
All Out 90s,53,The Sign,Ace of Base,69,0.808,0.786,4,-6.897,0,0.0447,0.00928,0.0701,0.0574,0.899,96.987,191240,0
All Out 90s,54,Breakfast At Tiffany's,Deep Blue Something,6,0.624,0.826,2,-5.534,1,0.0287,0.113,0.0,0.0938,0.526,110.368,257187,1
All Out 90s,55,...Baby One More Time,Britney Spears,77,0.759,0.699,0,-5.745,0,0.0307,0.202,0.000131,0.443,0.907,92.96,211067,0
All Out 90s,56,Life Is A Highway,Tom Cochrane,63,0.683,0.897,5,-3.455,1,0.0465,0.0457,5.18e-06,0.286,0.752,103.051,266080,1
All Out 90s,57,Out Of Reach,Gabrielle,68,0.51,0.48,11,-6.567,1,0.0452,0.503,0.0,0.106,0.496,182.862,196987,0
All Out 90s,58,Moving on Up,M People,62,0.899,0.857,0,-6.128,0,0.037,0.0499,0.0299,0.112,0.961,125.072,215533,0
All Out 90s,59,You'll Be In My Heart,Phil Collins,54,0.568,0.748,8,-6.523,1,0.0298,0.0572,4.48e-06,0.0932,0.615,96.699,258400,1
All Out 90s,60,All I Wanna Do,Sheryl Crow,67,0.82,0.528,9,-11.179,1,0.0321,0.111,0.0186,0.257,0.931,120.091,272107,1
All Out 90s,61,Relight My Fire (feat. Lulu),Take That,0,0.653,0.943,9,-7.315,1,0.0515,0.0379,0.0,0.0989,0.925,122.586,251760,1
All Out 90s,62,"Because You Loved Me (Theme from ""Up Close and Personal"")",Céline Dion,0,0.614,0.466,1,-9.881,1,0.0327,0.314,0.0,0.099,0.178,119.916,273667,1
All Out 90s,63,Dreams,Gabrielle,64,0.751,0.467,9,-13.652,1,0.036,0.173,0.0,0.217,0.568,98.783,222773,1
All Out 90s,64,No Matter What,Boyzone,0,0.701,0.416,7,-9.429,1,0.0247,0.165,0.0,0.13,0.555,92.715,274267,1
All Out 90s,65,Fantasy,Mariah Carey,73,0.669,0.727,7,-7.588,1,0.0353,0.139,0.0,0.123,0.807,102.322,243493,1
All Out 90s,66,Over My Shoulder,Mike & The Mechanics,67,0.631,0.826,5,-7.856,0,0.0322,0.126,0.0,0.0648,0.82,92.353,217200,0
All Out 90s,67,You Gotta Be,Des'ree,64,0.623,0.669,0,-9.985,1,0.0412,0.211,3.2e-06,0.111,0.492,94.028,245200,1
All Out 90s,68,Friday I'm In Love,The Cure,74,0.526,0.763,0,-12.663,0,0.0341,0.00126,6.75e-05,0.359,0.514,136.205,215160,0
All Out 90s,69,Angels,Robbie Williams,72,0.429,0.594,4,-6.251,1,0.0277,0.156,4.95e-06,0.1,0.236,150.22,265000,1
All Out 90s,70,Always Be My Baby,Mariah Carey,71,0.65,0.531,4,-8.335,1,0.0364,0.457,0.0,0.249,0.487,78.946,258133,1
All Out 90s,71,Sweetest Thing - The Single Mix,U2,0,0.534,0.605,0,-7.096,1,0.0352,0.0941,4.35e-05,0.198,0.558,142.24,183160,0
All Out 90s,72,I'd Do Anything For Love (But I Won't Do That) - Single Edit,Meat Loaf,59,0.419,0.672,2,-6.353,1,0.092,0.623,0.0,0.412,0.304,105.212,316467,1
All Out 90s,73,Livin' la Vida Loca,Ricky Martin,73,0.425,0.954,1,-3.756,0,0.0476,0.00414,0.0,0.0555,0.933,178.043,243160,1
All Out 90s,74,I Knew I Loved You,Savage Garden,68,0.61,0.497,9,-9.88,1,0.0279,0.32,6.11e-05,0.0884,0.739,85.031,250360,1
All Out 90s,75,Quit Playing Games (With My Heart),Backstreet Boys,65,0.8,0.825,11,-6.552,0,0.034,0.0559,2.18e-06,0.141,0.903,100.035,232667,1
All Out 90s,76,Mysterious Girl - Radio Edit,Peter Andre,60,0.655,0.822,8,-5.755,1,0.211,0.14,0.0,0.298,0.859,171.983,217107,0
All Out 90s,77,Waterfalls,TLC,71,0.769,0.505,1,-7.345,1,0.0829,0.311,7.49e-05,0.0777,0.757,171.804,279507,1
All Out 90s,78,Let Me Entertain You,Robbie Williams,66,0.478,0.965,10,-5.022,1,0.0642,0.000169,0.00251,0.0854,0.347,125.152,262000,1
All Out 90s,79,"I'll Be There (feat. Trey Lorenz) - Live at MTV Unplugged, Kaufman Astoria StuLive at MTV Unplugged, Kaufman Astoria Studios, New York - March 1992dios, New York - March 1992",Mariah Carey,39,0.216,0.544,5,-8.132,1,0.0431,0.663,0.0,0.882,0.301,75.017,264240,1
All Out 90s,80,High,Lighthouse Family,40,0.664,0.622,10,-8.505,1,0.0253,0.0994,0.0738,0.112,0.614,102.342,310333,1
All Out 90s,81,Justified & Ancient,The KLF,52,0.628,0.953,10,-4.989,0,0.0626,0.00276,0.0132,0.427,0.515,111.134,228372,1
All Out 90s,82,Iris,The Goo Goo Dolls,78,0.315,0.715,11,-8.072,0,0.0362,0.00125,7.97e-06,0.0942,0.497,155.925,289533,1
All Out 90s,83,I'll Stand by You,Pretenders,70,0.438,0.606,7,-6.549,1,0.0305,0.3,4.49e-06,0.0754,0.266,133.822,240760,1
All Out 90s,84,Hero,Mariah Carey,69,0.501,0.378,4,-9.37,1,0.029,0.735,0.0,0.119,0.178,119.987,257733,1
All Out 90s,85,Bitch,Meredith Brooks,66,0.617,0.886,9,-5.953,1,0.055,0.0112,9.63e-05,0.0523,0.629,96.328,252760,1
All Out 90s,86,Can You Feel the Love Tonight,Elton John,0,0.309,0.275,10,-12.612,1,0.0332,0.867,0.000408,0.11,0.161,123.865,241280,1
All Out 90s,87,I Will Always Love You,Whitney Houston,75,0.332,0.214,4,-12.518,1,0.0349,0.845,5.62e-06,0.0839,0.11,67.531,271093,1
All Out 90s,88,"Show Me Heaven - From ""Days Of Thunder""",Maria McKee,50,0.5,0.455,8,-10.483,1,0.0261,0.136,0.00363,0.0646,0.563,155.935,229920,1
All Out 90s,89,Vogue,Madonna,65,0.737,0.88,6,-6.449,1,0.0433,0.00379,0.00351,0.417,0.329,115.998,316813,1
All Out 90s,90,Say What You Want,Texas,0,0.633,0.841,4,-5.932,1,0.0702,0.2,0.0,0.396,0.803,95.888,233867,1
All Out 90s,91,A Whole New World (Aladdin's Theme),Peabo Bryson,53,0.538,0.189,2,-17.13,1,0.0344,0.636,0.0,0.174,0.161,107.829,250400,1
All Out 90s,92,Amazed,Lonestar,54,0.56,0.541,1,-7.97,1,0.0288,0.23,0.0,0.118,0.278,139.76,240000,1
All Out 90s,93,Genie In a Bottle,Christina Aguilera,71,0.633,0.8,1,-6.945,1,0.166,0.209,0.000123,0.137,0.913,175.716,217573,0
All Out 90s,94,I'm Outta Love - Radio Edit,Anastacia,43,0.761,0.716,10,-5.8,0,0.056,0.396,0.0,0.0771,0.649,119.41,245400,1
All Out 90s,95,Life,Des'ree,64,0.721,0.74,1,-5.453,1,0.0416,0.112,4.12e-05,0.0848,0.714,104.815,216040,0
All Out 90s,96,"All For Love - From ""The Three Musketeers""",Bryan Adams,56,0.408,0.569,2,-6.237,1,0.029,0.19,0.0,0.126,0.146,74.835,283707,1
All Out 90s,97,I Swear,All-4-One,66,0.532,0.407,6,-9.658,0,0.0233,0.235,0.0,0.117,0.23,83.207,259853,1
All Out 90s,98,(I Can't Help) Falling In Love With You,UB40,68,0.642,0.722,2,-13.031,1,0.0375,0.0444,0.00388,0.122,0.836,172.406,207440,0
All Out 90s,99,She's so High,Tal Bachman,70,0.537,0.84,9,-4.626,1,0.0363,0.2,2.15e-06,0.0998,0.211,124.269,224693,1
All Out 00s,0,Family Affair,Mary J. Blige,73,0.911,0.551,8,-3.75,0,0.0449,0.132,4.12e-05,0.0863,0.969,92.887,265867,1
All Out 00s,1,She Will Be Loved,Maroon 5,0,0.524,0.711,0,-5.494,0,0.0405,0.0567,0.0,0.134,0.539,203.867,257133,1
All Out 00s,2,You're Beautiful,James Blunt,75,0.675,0.479,0,-9.87,0,0.0278,0.633,1.76e-05,0.088,0.454,81.998,209493,0
All Out 00s,3,When Love Takes Over (feat. Kelly Rowland),David Guetta,66,0.658,0.863,11,-4.64,1,0.0255,0.0144,0.000193,0.2,0.496,129.972,189000,0
All Out 00s,4,Hips Don't Lie (feat. Wyclef Jean),Shakira,81,0.778,0.824,10,-5.892,0,0.0707,0.284,0.0,0.405,0.758,100.024,218093,0
All Out 00s,5,Yeah!,Usher,0,0.895,0.795,2,-4.693,1,0.0977,0.0219,0.0,0.0403,0.574,105.004,250067,1
All Out 00s,6,Pon de Replay,Rihanna,77,0.779,0.64,7,-8.415,1,0.159,0.000155,0.00077,0.101,0.498,99.019,246960,1
All Out 00s,7,Rehab,Amy Winehouse,73,0.407,0.558,0,-13.609,1,0.0552,0.0541,1.51e-06,0.34,0.777,71.815,214947,0
All Out 00s,8,Halo,Beyoncé,75,0.508,0.72,11,-5.908,0,0.0628,0.272,0.0,0.0563,0.472,79.983,261640,1
All Out 00s,9,Just Dance,Lady Gaga,60,0.821,0.741,1,-4.57,0,0.0313,0.0278,2.51e-05,0.19,0.741,118.984,244440,1
All Out 00s,10,Party In The U.S.A.,Miley Cyrus,78,0.652,0.698,10,-4.667,0,0.042,0.00112,0.000115,0.0886,0.47,96.021,202067,0
All Out 00s,11,Promiscuous,Nelly Furtado,81,0.808,0.97,10,-6.098,0,0.0506,0.0569,6.13e-05,0.154,0.868,114.328,242293,1
All Out 00s,12,Last Friday Night (T.G.I.F.),Katy Perry,73,0.649,0.815,3,-3.796,0,0.0415,0.00125,4.31e-05,0.671,0.765,126.03,230747,1
All Out 00s,13,Umbrella,Rihanna,80,0.583,0.829,1,-4.603,1,0.134,0.00864,0.0,0.0426,0.575,174.028,275987,1
All Out 00s,14,Unwritten,Natasha Bedingfield,9,0.706,0.8,5,-6.333,1,0.0399,0.00584,0.0,0.0822,0.629,100.011,259333,1
All Out 00s,15,Since U Been Gone,Kelly Clarkson,53,0.664,0.741,0,-5.391,1,0.0343,0.00169,0.0502,0.113,0.409,131.006,188960,0
All Out 00s,16,Love Story,Taylor Swift,67,0.618,0.741,2,-3.95,1,0.031,0.17,0.0,0.0822,0.296,118.984,235267,1
All Out 00s,17,I Kissed A Girl,Katy Perry,72,0.699,0.76,5,-3.173,1,0.0677,0.00223,0.0,0.132,0.696,129.996,179640,0
All Out 00s,18,Disturbia,Rihanna,75,0.707,0.813,11,-4.515,0,0.0571,0.0863,0.0,0.168,0.722,124.921,238627,1
All Out 00s,19,Gimme More,Britney Spears,79,0.788,0.844,2,-3.131,1,0.0334,0.25,0.000678,0.0723,0.382,113.324,251240,1
All Out 00s,20,Down,Jay Sean,21,0.657,0.695,2,-4.493,1,0.0321,0.0108,0.0,0.0822,0.683,65.997,212107,0
All Out 00s,21,Raise Your Glass,P!nk,52,0.7,0.708,7,-4.952,1,0.0869,0.00624,0.0,0.031,0.619,122.029,203267,0
All Out 00s,22,The Sweet Escape,Gwen Stefani,67,0.756,0.77,1,-3.502,1,0.0343,0.191,0.0,0.178,0.73,119.961,246467,1
All Out 00s,23,Crazy In Love (feat. Jay-Z),Beyoncé,75,0.646,0.77,2,-6.596,0,0.226,0.00249,0.0,0.0715,0.681,99.165,236133,1
All Out 00s,24,Don't Stop The Music,Rihanna,76,0.835,0.669,6,-5.582,0,0.0643,0.0336,6.92e-05,0.0535,0.542,122.668,267080,1
All Out 00s,25,Hot N Cold,Katy Perry,71,0.706,0.841,7,-3.956,1,0.0418,7.95e-05,0.0,0.0688,0.861,132.032,220227,0
All Out 00s,26,Toxic,Britney Spears,56,0.774,0.838,5,-3.914,0,0.114,0.0249,0.0244,0.242,0.924,143.04,198800,0
All Out 00s,27,Dynamite,Taio Cruz,79,0.751,0.783,4,-3.724,1,0.0859,0.00379,0.0,0.036,0.816,119.975,202613,0
All Out 00s,28,Every time we touch,Cascada,0,0.633,0.976,8,-5.362,1,0.0519,0.00281,1.29e-05,0.382,0.493,142.027,197124,0
All Out 00s,29,So What,P!nk,75,0.534,0.87,11,-3.078,0,0.0425,0.000334,0.0,0.241,0.462,126.019,215160,0
All Out 00s,30,SOS,Rihanna,55,0.677,0.671,7,-4.905,1,0.0361,0.004,5.07e-05,0.413,0.527,137.046,238920,1
All Out 00s,31,Maneater,Nelly Furtado,79,0.796,0.777,6,-4.81,1,0.0397,0.0261,0.000358,0.121,0.787,132.722,258893,1
All Out 00s,32,I Knew You Were Trouble,Taylor Swift,0,0.499,0.467,6,-6.744,1,0.0461,0.00593,1.65e-06,0.0361,0.637,76.76,219720,0
All Out 00s,33,Oops!...I Did It Again,Britney Spears,77,0.751,0.834,1,-5.444,0,0.0437,0.3,1.77e-05,0.355,0.894,95.053,211160,0
All Out 00s,34,TiK ToK,Kesha,80,0.755,0.837,2,-2.718,0,0.142,0.0991,0.0,0.289,0.714,120.028,199693,0
All Out 00s,35,Poker Face,Lady Gaga,76,0.851,0.806,4,-4.62,1,0.0787,0.118,1.64e-06,0.121,0.787,118.999,237200,1
All Out 00s,36,I Gotta Feeling,Black Eyed Peas,71,0.743,0.766,0,-6.375,1,0.0265,0.0873,0.0,0.509,0.61,127.96,289133,1
All Out 00s,37,"Whenever, Wherever",Shakira,73,0.794,0.832,1,-4.862,0,0.0407,0.237,1.14e-05,0.203,0.871,107.657,196160,0
All Out 00s,38,We Are Never Ever Getting Back Together,Taylor Swift,0,0.624,0.685,7,-5.902,1,0.12,0.0105,2.22e-05,0.126,0.781,86.059,193147,0
All Out 00s,39,Cooler Than Me - Single Mix,Mike Posner,74,0.768,0.82,7,-4.63,0,0.0474,0.179,0.0,0.689,0.625,129.965,213293,0
All Out 00s,40,Marry You,Bruno Mars,73,0.62,0.832,10,-4.848,1,0.036,0.332,0.0,0.104,0.481,144.926,230120,1
All Out 00s,41,Womanizer,Britney Spears,76,0.724,0.695,11,-5.226,1,0.0622,0.073,0.0,0.0889,0.235,139.0,224400,1
All Out 00s,42,Bad Romance,Lady Gaga,0,0.695,0.919,0,-3.769,1,0.0381,0.00264,4.1e-05,0.062,0.717,119.002,294640,1
All Out 00s,43,Single Ladies (Put a Ring on It),Beyoncé,67,0.426,0.584,1,-5.293,1,0.296,0.0383,0.0,0.188,0.272,193.437,193213,0
All Out 00s,44,Replay,Iyaz,75,0.706,0.751,9,-6.323,1,0.0708,0.173,0.0,0.168,0.195,91.031,182307,0
All Out 00s,45,Low (feat. T-Pain),Flo Rida,80,0.918,0.609,10,-5.64,0,0.0791,0.0928,0.0,0.139,0.304,128.008,231400,1
All Out 00s,46,Shut Up And Drive,Rihanna,68,0.735,0.826,1,-4.902,1,0.0349,0.00101,0.129,0.197,0.74,132.964,212280,0
All Out 00s,47,Bye Bye Bye,*NSYNC,53,0.571,0.87,8,-3.877,0,0.0641,0.0198,6.6e-06,0.0564,0.813,172.716,199640,0
All Out 00s,48,SexyBack (feat. Timbaland),Justin Timberlake,77,0.967,0.583,7,-5.562,0,0.0789,0.0584,0.0,0.0519,0.964,117.0,242733,1
All Out 00s,49,Circus,Britney Spears,74,0.791,0.733,6,-5.215,0,0.052,0.147,0.000381,0.0713,0.761,114.98,192360,0
All Out 00s,50,Forever,Chris Brown,73,0.672,0.82,11,-4.456,1,0.0459,0.0368,0.000188,0.184,0.438,120.005,278573,1
All Out 00s,51,The Tide Is High - Radio Mix,Atomic Kitten,62,0.776,0.693,7,-2.528,1,0.0314,0.0234,0.00177,0.0322,0.635,102.996,205360,0
All Out 00s,52,About You Now,Sugababes,65,0.584,0.699,1,-6.065,0,0.0378,6.52e-05,6.05e-05,0.486,0.585,82.499,212400,0
All Out 00s,53,Don't Cha,The Pussycat Dolls,0,0.875,0.631,1,-3.475,1,0.099,0.00542,2.54e-06,0.127,0.549,120.002,272080,1
All Out 00s,54,Sexy Bitch (feat. Akon),David Guetta,74,0.813,0.627,11,-5.018,0,0.0486,0.0771,0.000616,0.131,0.801,130.011,195853,0
All Out 00s,55,Rock Your Body,Justin Timberlake,74,0.892,0.714,4,-6.055,0,0.141,0.201,0.000234,0.0521,0.817,100.972,267267,1
All Out 00s,56,Irreplaceable,Beyoncé,70,0.447,0.694,7,-4.637,0,0.382,0.0293,5.46e-06,0.167,0.509,175.868,227853,1
All Out 00s,57,This Love,Maroon 5,2,0.714,0.868,5,-4.596,0,0.0363,0.0551,0.0,0.0987,0.78,95.05,206200,0
All Out 00s,58,Break Your Heart,Taio Cruz,0,0.604,0.918,3,-5.284,1,0.0312,0.0319,0.0,0.0592,0.609,122.018,202653,0
All Out 00s,59,Where Is The Love?,Black Eyed Peas,0,0.835,0.687,5,-3.18,1,0.184,0.101,0.0,0.132,0.828,94.059,272533,1
All Out 00s,60,Complicated,Avril Lavigne,0,0.582,0.758,5,-5.951,1,0.0464,0.0615,8.41e-06,0.309,0.413,77.982,244507,1
All Out 00s,61,Survivor,Destiny's Child,69,0.514,0.911,1,-2.027,0,0.41,0.0559,0.0,0.775,0.619,161.109,254027,1
All Out 00s,62,Take A Bow,Rihanna,73,0.697,0.467,9,-7.536,1,0.0715,0.248,0.0,0.0941,0.572,82.082,229413,1
All Out 00s,63,Cupid's Chokehold / Breakfast in America - Radio Mix,Gym Class Heroes,59,0.584,0.681,1,-5.084,0,0.0781,0.495,0.0,0.289,0.821,79.702,237173,1
All Out 00s,64,The Way I Are,Timbaland,76,0.731,0.807,3,-6.492,0,0.1,0.181,0.751,0.319,0.765,114.759,179120,0
All Out 00s,65,"Hey, Soul Sister",Train,0,0.675,0.885,1,-4.432,0,0.0436,0.217,0.0,0.086,0.768,97.03,216667,0
All Out 00s,66,Glamorous,Fergie,69,0.81,0.755,0,-6.408,1,0.201,0.288,0.0,0.0857,0.623,130.99,246573,1
All Out 00s,67,Grenade,Bruno Mars,76,0.706,0.558,2,-7.237,0,0.0593,0.146,0.0,0.118,0.227,110.443,223253,1
All Out 00s,68,Bleeding Love,Leona Lewis,65,0.635,0.647,5,-5.864,1,0.0366,0.192,0.0,0.154,0.201,104.058,262693,1
All Out 00s,69,Sk8er Boi,Avril Lavigne,0,0.487,0.9,0,-4.417,1,0.0482,6.79e-05,0.0,0.358,0.484,149.937,204000,0
All Out 00s,70,Jenny from the Block (feat. Jadakiss & Styles P.) - Track Masters Remix,Jennifer Lopez,69,0.845,0.768,6,-5.448,1,0.188,0.00733,5.04e-06,0.0575,0.96,100.0,187840,0
All Out 00s,71,Empire State Of Mind,JAY-Z,79,0.491,0.956,11,-1.538,1,0.392,0.0295,0.0,0.46,0.811,173.585,276920,1
All Out 00s,72,Sweet Dreams,Beyoncé,47,0.694,0.825,1,-5.986,1,0.111,0.0895,1.86e-05,0.0618,0.788,121.949,208067,0
All Out 00s,73,Fergalicious,Fergie,63,0.906,0.584,8,-7.72,0,0.316,0.0576,0.0,0.128,0.831,129.055,292373,1
All Out 00s,74,In My Head,Jason Derulo,66,0.762,0.748,0,-4.15,0,0.033,0.0266,0.0,0.348,0.851,110.009,199027,0
All Out 00s,75,No Air (feat. Chris Brown),Jordin Sparks,71,0.466,0.759,8,-4.978,0,0.199,0.0521,0.0,0.0587,0.328,160.033,264373,1
All Out 00s,76,Love Song,Sara Bareilles,72,0.583,0.786,2,-3.142,0,0.0301,0.0208,0.0,0.188,0.573,123.055,258827,1
All Out 00s,77,Rude Boy,Rihanna,73,0.563,0.75,11,-4.496,1,0.127,0.113,0.0,0.0788,0.812,173.906,222920,1
All Out 00s,78,Superstar,Jamelia,67,0.801,0.645,1,-6.93,1,0.0356,0.0457,0.0,0.0357,0.824,110.01,215480,0
All Out 00s,79,Dancing in the Moonlight,Toploader,74,0.632,0.856,10,-3.463,1,0.0348,0.0624,0.0,0.347,0.867,119.397,232693,1
All Out 00s,80,4 Minutes (feat. Justin Timberlake & Timbaland),Madonna,69,0.753,0.931,2,-4.922,1,0.0652,0.00994,0.00696,0.234,0.767,113.029,189693,0
All Out 00s,81,Temperature,Sean Paul,77,0.951,0.6,0,-4.675,0,0.0685,0.106,0.0,0.0712,0.822,125.04,218573,0
All Out 00s,82,American Boy,Estelle,77,0.727,0.729,0,-2.99,1,0.326,0.171,0.0,0.07,0.512,117.932,284733,1
All Out 00s,83,Big Girls Don't Cry (Personal),Fergie,59,0.708,0.641,7,-4.271,1,0.0335,0.205,0.0,0.0925,0.253,113.082,268120,1
All Out 00s,84,Kiss Me Thru The Phone,Soulja Boy,76,0.758,0.712,7,-3.781,1,0.112,0.0185,0.0,0.0677,0.795,149.998,193387,0
All Out 00s,85,Telephone,Lady Gaga,58,0.825,0.832,5,-5.853,0,0.0403,0.00587,0.000789,0.114,0.713,122.021,220627,0
All Out 00s,86,Say It Right,Nelly Furtado,75,0.872,0.872,1,-6.328,1,0.139,0.0476,0.00112,0.0543,0.809,116.948,223080,1
All Out 00s,87,Lady Marmalade,Christina Aguilera,0,0.741,0.859,5,-2.223,1,0.057,0.0148,1.84e-06,0.664,0.611,109.905,265973,1
All Out 00s,88,Hollaback Girl,Gwen Stefani,70,0.926,0.916,10,-2.221,0,0.0929,0.35,6.17e-06,0.0234,0.904,110.007,199853,0
All Out 00s,89,A Thousand Miles - Single Version,Vanessa Carlton,0,0.566,0.825,11,-4.504,1,0.0383,0.264,0.0,0.218,0.278,94.991,237920,1
All Out 00s,90,Because Of You,Ne-Yo,72,0.81,0.538,0,-5.784,0,0.0356,0.528,0.0,0.0951,0.828,109.97,266840,1
All Out 00s,91,Mr. Brightside,The Killers,0,0.351,0.928,1,-3.71,1,0.0759,0.00113,0.0,0.0988,0.239,148.03,222076,0
All Out 00s,92,Live Your Life,T.I.,74,0.375,0.862,11,-3.363,0,0.255,0.071,0.0,0.211,0.478,159.841,338853,1
All Out 00s,93,World of Our Own,Westlife,64,0.707,0.765,1,-4.636,1,0.0341,0.0163,0.0,0.0627,0.923,97.005,211413,0
All Out 00s,94,"One, Two Step (feat. Missy Elliott)",Ciara,73,0.944,0.511,5,-10.96,0,0.161,0.042,0.00107,0.0379,0.842,113.046,203787,0
All Out 00s,95,Heartless,Kanye West,80,0.79,0.647,10,-5.983,0,0.136,0.0515,0.0,0.248,0.654,87.999,211000,0
All Out 00s,96,Beautiful Girls,Sean Kingston,54,0.543,0.642,4,-6.533,1,0.0888,0.137,0.0,0.243,0.749,117.923,241667,1
All Out 00s,97,Push The Button,Sugababes,63,0.962,0.66,8,-5.096,1,0.061,0.0485,0.0,0.076,0.814,126.016,218093,0
All Out 00s,98,Breakeven,The Script,0,0.63,0.698,10,-4.51,1,0.0244,0.173,0.0,0.0789,0.529,94.023,261427,1
All Out 00s,99,Meet Me Halfway,Black Eyed Peas,70,0.798,0.629,11,-6.857,0,0.0735,0.00474,2.17e-05,0.324,0.4,130.0,284373,1
All Out 10s,0,The A Team,Ed Sheeran,76,0.642,0.289,9,-9.918,1,0.0367,0.669,0.0,0.18,0.407,84.996,258373,1
All Out 10s,1,Love Yourself,Justin Bieber,1,0.609,0.378,4,-9.828,1,0.438,0.835,0.0,0.28,0.515,100.418,233720,1
All Out 10s,2,"thank u, next",Ariana Grande,81,0.717,0.653,1,-5.634,1,0.0658,0.229,0.0,0.101,0.412,106.966,207320,0
All Out 10s,3,Blank Space,Taylor Swift,65,0.752,0.678,5,-5.421,1,0.0646,0.085,1.64e-06,0.13,0.583,96.009,231827,1
All Out 10s,4,Just the Way You Are,Bruno Mars,77,0.637,0.843,5,-5.413,1,0.0432,0.0151,0.0,0.0876,0.434,109.012,220733,0
All Out 10s,5,Closer,The Chainsmokers,83,0.748,0.524,8,-5.599,1,0.0338,0.414,0.0,0.111,0.661,95.01,244960,1
All Out 10s,6,Stay With Me,Sam Smith,0,0.5,0.418,0,-6.535,1,0.0377,0.566,0.000193,0.11,0.176,84.899,172724,0
All Out 10s,7,Wake Me Up,Avicii,84,0.532,0.783,2,-5.697,1,0.0523,0.0038,0.0012,0.161,0.643,124.08,247427,1
All Out 10s,8,bad guy,Billie Eilish,84,0.701,0.425,7,-10.965,1,0.375,0.328,0.13,0.1,0.562,135.128,194088,0
All Out 10s,9,Lego House,Ed Sheeran,62,0.592,0.637,11,-8.48,1,0.0992,0.562,0.0,0.13,0.565,159.701,185093,0
All Out 10s,10,Shallow - Radio Edit,Lady Gaga,74,0.575,0.33,7,-6.557,1,0.031,0.416,0.0,0.0872,0.277,95.801,217213,0
All Out 10s,11,Story of My Life,One Direction,80,0.6,0.663,3,-5.802,1,0.0477,0.225,0.0,0.119,0.286,121.07,245493,1
All Out 10s,12,Treat You Better,Shawn Mendes,81,0.444,0.819,10,-4.078,0,0.341,0.106,0.0,0.107,0.747,82.695,187973,0
All Out 10s,13,Scars To Your Beautiful,Alessia Cara,77,0.319,0.739,0,-5.74,1,0.272,0.0285,0.0,0.111,0.449,194.169,230227,1
All Out 10s,14,Memories,Maroon 5,52,0.764,0.32,11,-7.209,1,0.0546,0.837,0.0,0.0822,0.575,91.019,189486,0
All Out 10s,15,Wildest Dreams,Taylor Swift,78,0.553,0.664,8,-7.417,1,0.0741,0.0709,0.0056,0.106,0.467,140.06,220440,0
All Out 10s,16,"10,000 Hours (with Justin Bieber)",Dan + Shay,80,0.654,0.63,10,-4.644,1,0.0259,0.153,0.0,0.111,0.43,89.991,167693,0
All Out 10s,17,If I Can't Have You,Shawn Mendes,74,0.692,0.809,2,-4.198,1,0.0602,0.524,0.0,0.147,0.864,123.911,190800,0
All Out 10s,18,Symphony (feat. Zara Larsson),Clean Bandit,74,0.707,0.629,0,-4.581,0,0.0563,0.259,1.6e-05,0.138,0.457,122.863,212459,0
All Out 10s,19,The One That Got Away,Katy Perry,69,0.691,0.795,1,-4.021,0,0.0355,0.000812,1.02e-06,0.156,0.876,133.971,227333,1
All Out 10s,20,One Last Time,Ariana Grande,76,0.628,0.593,8,-5.036,1,0.0323,0.093,1.65e-06,0.096,0.104,125.026,197267,0
All Out 10s,21,What Makes You Beautiful,One Direction,0,0.688,0.806,4,-2.628,1,0.0921,0.0102,0.0,0.104,0.85,125.006,199133,0
All Out 10s,22,Payphone,Maroon 5,80,0.743,0.752,4,-4.813,1,0.0414,0.0188,0.0,0.287,0.545,110.015,231173,1
All Out 10s,23,We Don't Talk Anymore (feat. Selena Gomez),Charlie Puth,79,0.728,0.563,1,-8.053,0,0.134,0.621,0.0,0.179,0.352,100.017,217707,0
All Out 10s,24,There's Nothing Holdin' Me Back,Shawn Mendes,1,0.857,0.8,2,-4.035,1,0.0583,0.381,0.0,0.0913,0.966,121.996,199440,0
All Out 10s,25,Heart Attack,Demi Lovato,78,0.504,0.785,8,-4.802,1,0.104,0.0738,0.0,0.239,0.502,173.968,210840,0
All Out 10s,26,Talking to the Moon,Bruno Mars,77,0.523,0.606,1,-4.754,0,0.0301,0.512,0.0,0.106,0.065,145.837,217867,0
All Out 10s,27,I Don't Care (with Justin Bieber),Ed Sheeran,79,0.798,0.675,6,-5.041,1,0.0442,0.0912,0.0,0.0894,0.842,101.956,219947,0
All Out 10s,28,Say You Won't Let Go,James Arthur,69,0.4,0.564,10,-7.444,1,0.0523,0.693,0.0,0.0863,0.483,99.269,211240,0
All Out 10s,29,Drag Me Down,One Direction,78,0.73,0.703,0,-5.672,0,0.0369,0.109,0.0,0.0657,0.595,138.113,192120,0
All Out 10s,30,Stitches,Shawn Mendes,77,0.746,0.754,1,-6.684,1,0.0676,0.0152,0.0,0.0486,0.746,149.882,206880,0
All Out 10s,31,Dusk Till Dawn - Radio Edit,ZAYN,79,0.258,0.437,11,-6.593,0,0.039,0.101,1.27e-06,0.106,0.0967,180.043,239000,1
All Out 10s,32,Someone You Loved,Lewis Capaldi,85,0.501,0.405,1,-5.679,1,0.0319,0.751,0.0,0.105,0.446,109.891,182161,0
All Out 10s,33,Never Really Over,Katy Perry,72,0.77,0.882,8,-4.792,1,0.0602,0.194,0.0,0.316,0.385,99.991,223523,1
All Out 10s,34,I Knew You Were Trouble,Taylor Swift,0,0.602,0.465,6,-6.762,1,0.0367,0.00572,5.34e-06,0.033,0.664,154.076,219720,0
All Out 10s,35,Shower,Becky G,77,0.699,0.529,2,-7.548,1,0.0487,0.0317,3.59e-05,0.285,0.121,119.987,206167,0
All Out 10s,36,Sucker,Jonas Brothers,8,0.842,0.734,1,-5.065,0,0.0588,0.0427,0.0,0.106,0.952,137.958,181040,0
All Out 10s,37,Señorita,Shawn Mendes,78,0.759,0.548,9,-6.049,0,0.029,0.0392,0.0,0.0828,0.749,116.967,190800,0
All Out 10s,38,The Middle,Zedd,80,0.753,0.657,7,-3.061,1,0.0449,0.171,0.0,0.112,0.437,107.01,184732,0
All Out 10s,39,Beautiful People (feat. Khalid),Ed Sheeran,77,0.64,0.648,5,-8.113,0,0.187,0.124,0.0,0.0802,0.548,92.977,197867,0
All Out 10s,40,Adore You,Harry Styles,83,0.676,0.771,8,-3.675,1,0.0483,0.0237,7e-06,0.102,0.569,99.048,207133,0
All Out 10s,41,Shout Out to My Ex,Little Mix,3,0.773,0.747,5,-4.061,1,0.0889,0.0239,8.23e-06,0.11,0.8,126.014,246240,1
All Out 10s,42,Locked Away (feat. Adam Levine),R. City,73,0.509,0.671,1,-5.709,1,0.0678,0.304,0.0,0.0452,0.55,118.413,227480,1
All Out 10s,43,Mercy,Shawn Mendes,77,0.555,0.662,11,-4.952,0,0.0827,0.125,0.0,0.111,0.356,148.128,208733,0
All Out 10s,44,Happier,Ed Sheeran,80,0.522,0.385,0,-7.355,1,0.0288,0.536,0.0,0.135,0.236,89.792,207520,0
All Out 10s,45,"Love Me Like You Do - From ""Fifty Shades Of Grey""",Ellie Goulding,0,0.258,0.631,5,-6.617,0,0.0541,0.281,0.0,0.127,0.266,189.583,252539,1
All Out 10s,46,Youngblood,5 Seconds of Summer,80,0.596,0.854,7,-5.114,0,0.463,0.0169,0.0,0.124,0.152,120.274,203418,0
All Out 10s,47,Stereo Hearts (feat. Adam Levine),Gym Class Heroes,81,0.646,0.795,9,-3.293,1,0.0976,0.0319,0.0,0.267,0.796,89.99,210960,0
All Out 10s,48,Attention,Charlie Puth,1,0.774,0.626,3,-4.432,0,0.0432,0.0969,3.12e-05,0.0848,0.777,100.041,211475,0
All Out 10s,49,Black Magic,Little Mix,0,0.775,0.885,4,-5.023,1,0.061,0.033,0.0,0.312,0.82,111.997,212720,0
All Out 10s,50,Photograph,Ed Sheeran,82,0.614,0.379,4,-10.48,1,0.0476,0.607,0.000464,0.0986,0.201,107.989,258987,1
All Out 10s,51,Wolves,Selena Gomez,78,0.724,0.804,11,-4.614,0,0.0448,0.124,0.0,0.204,0.306,124.987,197993,0
All Out 10s,52,Sugar,Maroon 5,0,0.748,0.788,1,-7.055,1,0.0334,0.0591,0.0,0.0863,0.884,120.076,235493,1
All Out 10s,53,ME! (feat. Brendon Urie of Panic! At The Disco),Taylor Swift,75,0.61,0.83,0,-4.105,1,0.0571,0.033,0.0,0.118,0.728,182.162,193000,0
All Out 10s,54,Fight Song,Rachel Platten,77,0.564,0.714,7,-4.987,1,0.129,0.0549,0.0,0.155,0.33,175.924,204013,0
All Out 10s,55,IDGAF,Dua Lipa,77,0.836,0.544,7,-5.975,1,0.0943,0.0403,0.0,0.0824,0.51,97.028,217947,0
All Out 10s,56,Mirrors,Justin Timberlake,0,0.574,0.512,5,-6.664,0,0.0503,0.234,0.0,0.0946,0.512,76.899,484147,1
All Out 10s,57,Classic,MKTO,79,0.72,0.791,1,-4.689,1,0.124,0.0384,0.0,0.157,0.756,102.071,175427,0
All Out 10s,58,Like I Can,Sam Smith,0,0.681,0.627,7,-5.456,0,0.0403,0.499,1.25e-06,0.123,0.494,99.908,164093,0
All Out 10s,59,She Looks So Perfect,5 Seconds of Summer,71,0.494,0.951,9,-4.237,1,0.132,0.000569,0.0,0.327,0.441,160.025,202496,0
All Out 10s,60,Perfect,Ed Sheeran,85,0.599,0.448,8,-6.312,1,0.0232,0.163,0.0,0.106,0.168,95.05,263400,1
All Out 10s,61,"Flashlight - From ""Pitch Perfect 2"" Soundtrack",Jessie J,0,0.458,0.623,5,-7.109,1,0.0505,0.322,5.08e-06,0.11,0.417,147.635,208666,0
All Out 10s,62,Maps,Maroon 5,0,0.741,0.715,1,-5.497,0,0.0293,0.0141,0.0,0.0576,0.847,120.032,189973,0
All Out 10s,63,Like I'm Gonna Lose You (feat. John Legend),Meghan Trainor,16,0.631,0.531,0,-7.26,1,0.0433,0.399,0.0,0.177,0.418,108.038,225053,1
All Out 10s,64,Something Just Like This,The Chainsmokers,72,0.607,0.649,11,-6.695,0,0.0362,0.0306,2.46e-05,0.174,0.505,102.996,247627,1
All Out 10s,65,Counting Stars,OneRepublic,82,0.664,0.705,1,-4.972,0,0.0382,0.0654,0.0,0.118,0.477,122.016,257267,1
All Out 10s,66,Rude,MAGIC!,78,0.773,0.758,1,-4.993,1,0.0381,0.0422,0.0,0.305,0.925,144.033,224840,1
All Out 10s,67,Too Good At Goodbyes,Sam Smith,79,0.681,0.372,5,-8.237,1,0.0432,0.64,0.0,0.169,0.476,91.873,201000,0
All Out 10s,68,Without Me,Halsey,78,0.752,0.488,6,-7.05,1,0.0705,0.297,9.11e-06,0.0936,0.533,136.041,201661,0
All Out 10s,69,One Call Away,Charlie Puth,64,0.667,0.613,1,-5.353,1,0.0344,0.403,0.0,0.115,0.47,91.024,194453,0
All Out 10s,70,New Rules,Dua Lipa,78,0.762,0.7,9,-6.021,0,0.0694,0.00261,1.56e-05,0.153,0.608,116.073,209320,0
All Out 10s,71,Dear Future Husband,Meghan Trainor,0,0.657,0.776,1,-4.964,1,0.154,0.366,0.0,0.277,0.84,79.477,185080,0
All Out 10s,72,We Are Never Ever Getting Back Together,Taylor Swift,62,0.628,0.676,7,-5.911,1,0.0916,0.00957,2.65e-05,0.121,0.75,85.984,193147,0
All Out 10s,73,How Do You Sleep?,Sam Smith,75,0.477,0.682,1,-4.931,0,0.0925,0.153,0.0,0.0763,0.345,110.567,202205,0
All Out 10s,74,All of Me,John Legend,84,0.422,0.264,8,-7.064,1,0.0322,0.922,0.0,0.132,0.331,119.93,269560,1
All Out 10s,75,In My Blood,Shawn Mendes,75,0.622,0.712,5,-7.321,1,0.066,0.0573,0.0,0.13,0.487,140.025,211360,0
All Out 10s,76,Galway Girl,Ed Sheeran,77,0.624,0.876,9,-3.374,1,0.1,0.0735,0.0,0.327,0.781,99.943,170827,0
All Out 10s,77,"I Don’t Wanna Live Forever (Fifty Shades Darker) - From ""Fifty Shades Darker (Original Motion Picture Soundtrack)""",ZAYN,1,0.735,0.451,0,-8.374,1,0.0585,0.0631,1.3e-05,0.325,0.0862,117.973,245200,1
All Out 10s,78,Last Friday Night (T.G.I.F.),Katy Perry,73,0.649,0.815,3,-3.796,0,0.0415,0.00125,4.31e-05,0.671,0.765,126.03,230747,1
All Out 10s,79,Grenade,Bruno Mars,76,0.706,0.558,2,-7.237,0,0.0593,0.146,0.0,0.118,0.227,110.443,223253,1
All Out 10s,80,If the World Was Ending (feat. Julia Michaels),JP Saxe,80,0.464,0.473,1,-10.086,1,0.129,0.866,0.0,0.109,0.604,75.801,208687,0
All Out 10s,81,i'm so tired...,Lauv,7,0.599,0.733,11,-7.058,1,0.203,0.176,0.0,0.242,0.534,102.211,162583,0
All Out 10s,82,The Nights,Avicii,84,0.527,0.835,6,-5.298,1,0.0433,0.0166,0.0,0.249,0.654,125.983,176658,0
All Out 10s,83,Call Me Maybe,Carly Rae Jepsen,78,0.783,0.58,7,-6.548,1,0.0408,0.0114,2.28e-06,0.108,0.66,120.021,193400,0
All Out 10s,84,Sorry,Justin Bieber,0,0.665,0.759,0,-3.694,0,0.0399,0.0767,0.0,0.313,0.389,99.992,200787,0
All Out 10s,85,Love Someone,Lukas Graham,61,0.538,0.409,9,-6.581,0,0.0505,0.172,0.0,0.11,0.265,171.838,205440,0
All Out 10s,86,Shape of You,Ed Sheeran,85,0.825,0.652,1,-3.183,0,0.0802,0.581,0.0,0.0931,0.931,95.977,233713,1
All Out 10s,87,Please Don't Go,Joel Adams,71,0.513,0.768,4,-4.868,0,0.0587,0.0118,1.94e-05,0.294,0.235,84.264,210580,0
All Out 10s,88,When I Was Your Man,Bruno Mars,82,0.612,0.28,0,-8.648,1,0.0434,0.932,0.0,0.088,0.387,72.795,213827,0
All Out 10s,89,Pretty Girl - Cheat Codes X CADE Remix,Maggie Lindemann,63,0.703,0.868,7,-4.661,0,0.0291,0.15,0.132,0.104,0.733,121.03,193613,0
All Out 10s,90,Dancing With A Stranger (with Normani),Sam Smith,77,0.741,0.52,8,-7.513,1,0.0656,0.45,1.97e-06,0.222,0.347,102.998,171030,0
All Out 10s,91,Castle on the Hill,Ed Sheeran,77,0.461,0.834,2,-4.868,1,0.0989,0.0232,1.14e-05,0.14,0.471,135.007,261154,1
All Out 10s,92,Set Fire to the Rain,Adele,3,0.61,0.683,2,-3.879,0,0.0253,0.00382,1.79e-06,0.125,0.466,108.003,241693,1
All Out 10s,93,"How Far I'll Go - From ""Vaiana""",Alessia Cara,59,0.309,0.544,9,-9.621,1,0.352,0.155,0.000265,0.0727,0.16,180.979,175517,0
All Out 10s,94,Scared to Be Lonely,Martin Garrix,77,0.584,0.54,1,-7.786,0,0.0576,0.0895,0.0,0.261,0.195,137.972,220883,0
All Out 10s,95,You Need To Calm Down,Taylor Swift,77,0.771,0.671,2,-5.617,1,0.0553,0.00929,0.0,0.0637,0.714,85.026,171360,0
All Out 10s,96,Stronger (What Doesn't Kill You),Kelly Clarkson,73,0.562,0.939,0,-4.282,1,0.0475,0.046,0.0,0.112,0.684,116.044,221947,0
All Out 10s,97,When We Were Young,Adele,2,0.377,0.595,3,-5.936,1,0.0489,0.303,0.0,0.095,0.264,144.464,290900,1
All Out 10s,98,Stay,Zedd,75,0.69,0.622,5,-5.025,0,0.0622,0.253,0.0,0.116,0.544,102.04,210091,0
All Out 10s,99,Just Give Me a Reason,P!nk,0,0.778,0.547,2,-7.273,1,0.0489,0.346,0.000302,0.132,0.441,95.002,242733,1
